Id_emp,Name,Last_name,age,gender,area,salary,email,finish_date
15-6583103,Abagael,Aindrais,35,Male,Accounting,173307.00,Abagael_Aind.R@consulting.com,NULL
17-1220615,Abagael,Wadeling,45,Male,Accounting,179857.00,Abagael_Wade.R@consulting.com,"2024-03-04 11:25:30"
91-5463311,Abba,Stanlock,25,Male,Accounting,125438.00,Abba_Stan.R@consulting.com,"2022-07-17 14:08:57"
67-6411440,Abbey,Tracey,47,Male,Accounting,145739.00,Abbey_Trac.R@consulting.com,NULL
01-8402838,Abbott,Springham,32,Male,Accounting,151323.00,Abbott_Spri.H@consulting.com,NULL
04-9122557,Abbott,Despenser,32,Male,Accounting,65890.00,Abbott_Desp.H@consulting.com,NULL
28-5044439,Abelard,Woodcroft,45,Male,Accounting,143330.00,Abelard_Wood.R@consulting.com,"2023-02-26 03:16:53"
02-3241469,Abey,Cornuau,44,Female,Accounting,112070.00,Abey_Corn.R@consulting.com,NULL
87-7466058,Abigael,Stonestreet,52,Male,Accounting,107350.00,Abigael_Ston.R@consulting.com,NULL
27-8525957,Abrahan,Ducastel,36,Female,Accounting,77429.00,Abrahan_Duca.H@consulting.com,NULL
37-0350031,Abramo,"Van Der Vlies",34,Male,Accounting,67966.00,"Abramo_Van .H@consulting.com",NULL
13-2001607,Ad,Alcoran,30,Female,Accounting,68223.00,Ad_Alco.H@consulting.com,NULL
28-9116392,Ad,Bradbeer,34,Male,Accounting,160286.00,Ad_Brad.R@consulting.com,NULL
56-9932577,Ada,Friel,23,Male,Accounting,157744.00,Ada_Frie.R@consulting.com,NULL
50-7455165,Adaline,Jovic,26,Female,Accounting,128620.00,Adaline_Jovi.H@consulting.com,NULL
98-4146392,Adam,Partener,33,Male,Accounting,73559.00,Adam_Part.R@consulting.com,NULL
36-9036632,Adara,Borg-Bartolo,52,Male,Accounting,118966.00,Adara_Borg.R@consulting.com,NULL
45-9955101,Addy,Gazzard,23,Male,Accounting,141835.00,Addy_Gazz.H@consulting.com,NULL
26-8645776,Adele,Berkery,38,Male,Accounting,157410.00,Adele_Berk.R@consulting.com,NULL
69-5955635,Adele,Sim,27,Female,Accounting,86135.00,Adele_Sim.H@consulting.com,NULL
10-1021704,Adelind,Edes,55,Female,Accounting,108807.00,Adelind_Edes.R@consulting.com,NULL
27-0255303,Adeline,Bunney,27,Female,Accounting,172090.00,Adeline_Bunn.R@consulting.com,NULL
30-2468901,Adella,Dallimore,53,Female,Accounting,134966.00,Adella_Dall.H@consulting.com,NULL
64-9498542,Adelle,Inkle,25,Male,Accounting,73749.00,Adelle_Inkl.R@consulting.com,NULL
41-8485726,Adey,Tyhurst,30,Male,Accounting,115904.00,Adey_Tyhu.R@consulting.com,NULL
25-2691506,Adlai,Honnan,56,Female,Accounting,131892.00,Adlai_Honn.H@consulting.com,NULL
76-7456746,Ado,Abatelli,48,Male,Accounting,84683.00,Ado_Abat.H@consulting.com,NULL
47-1625486,Adolpho,Stanwix,30,Female,Accounting,148293.00,Adolpho_Stan.H@consulting.com,NULL
53-4417949,Adolphus,Rankcom,22,Male,Accounting,111632.00,Adolphus_Rank.R@consulting.com,NULL
77-3382455,Adore,Hadny,45,Male,Accounting,141804.00,Adore_Hadn.R@consulting.com,NULL
95-8774989,Adrianne,Ganter,52,Male,Accounting,131335.00,Adrianne_Gant.H@consulting.com,NULL
36-2754179,Adrien,Gritland,50,Female,Accounting,82199.00,Adrien_Grit.H@consulting.com,NULL
62-7582431,Adrienne,Smithson,35,Female,Accounting,104017.00,Adrienne_Smit.R@consulting.com,"2014-04-19 11:05:12"
95-8948352,Aeriel,Davinet,28,Male,Accounting,78061.00,Aeriel_Davi.R@consulting.com,NULL
25-6895011,Ag,Rudham,48,Male,Accounting,94424.00,Ag_Rudh.H@consulting.com,NULL
39-1883399,Aggi,"St. Quintin",42,Male,Accounting,66688.00,"Aggi_St. .H@consulting.com",NULL
70-0431335,Agnese,Farron,45,Male,Accounting,72055.00,Agnese_Farr.R@consulting.com,NULL
15-0401844,Agneta,Hardan,23,Female,Accounting,88607.00,Agneta_Hard.R@consulting.com,NULL
68-6064592,Agosto,Coppin,52,Male,Accounting,172975.00,Agosto_Copp.H@consulting.com,NULL
79-0467095,Agosto,Bertot,52,Male,Accounting,92253.00,Agosto_Bert.H@consulting.com,NULL
93-0821949,Agretha,Hutten,42,Male,Accounting,87383.00,Agretha_Hutt.R@consulting.com,NULL
19-3033086,Aguie,Hockell,21,Male,Accounting,181455.00,Aguie_Hock.H@consulting.com,NULL
54-0277324,Aguie,Conechie,49,Male,Accounting,102422.00,Aguie_Cone.H@consulting.com,"2021-05-18 09:41:51"
42-2305754,Ahmed,Bosher,28,Male,Accounting,73227.00,Ahmed_Bosh.H@consulting.com,NULL
93-7006529,Ahmed,Sorsby,33,Male,Accounting,137218.00,Ahmed_Sors.R@consulting.com,NULL
22-9551035,Ailee,Vouls,34,Female,Accounting,78408.00,Ailee_Voul.R@consulting.com,NULL
84-4951268,Ailene,Braddick,49,Female,Accounting,149250.00,Ailene_Brad.R@consulting.com,NULL
46-4680214,Ailis,Stanway,54,Male,Accounting,72474.00,Ailis_Stan.R@consulting.com,NULL
07-3799237,Aindrea,Fortesquieu,40,Female,Accounting,156163.00,Aindrea_Fort.R@consulting.com,NULL
46-4501013,Aindrea,Gillino,26,Female,Accounting,143554.00,Aindrea_Gill.H@consulting.com,NULL
83-6864343,Ainslee,Owain,39,Male,Accounting,134408.00,Ainslee_Owai.R@consulting.com,NULL
92-0865738,Ainslee,Bonwell,30,Female,Accounting,159488.00,Ainslee_Bonw.R@consulting.com,NULL
01-5414755,Aksel,"Sainte Paul",42,Female,Accounting,173862.00,Aksel_Sain.H@consulting.com,NULL
29-1276306,Alaine,Cosely,41,Female,Accounting,145642.00,Alaine_Cose.H@consulting.com,NULL
85-1839229,Alair,Blacklawe,47,Female,Accounting,70423.00,Alair_Blac.H@consulting.com,NULL
85-2160616,Alanah,Fuzzey,58,Female,Accounting,161861.00,Alanah_Fuzz.R@consulting.com,NULL
23-2387099,Alane,Shepherdson,56,Female,Accounting,150497.00,Alane_Shep.H@consulting.com,NULL
37-9750301,Alberto,Parminter,37,Female,Accounting,171553.00,Alberto_Parm.R@consulting.com,NULL
52-7447715,Alberto,Garrison,39,Female,Accounting,84034.00,Alberto_Garr.H@consulting.com,NULL
41-3557239,Aldis,Dubique,45,Female,Accounting,92670.00,Aldis_Dubi.H@consulting.com,NULL
80-7251734,Aldis,Maypes,38,Male,Accounting,85346.00,Aldis_Mayp.H@consulting.com,NULL
90-1351978,Aldric,Puden,30,Female,Accounting,126245.00,Aldric_Pude.R@consulting.com,NULL
41-3584070,Aldus,Mustoo,44,Male,Accounting,113197.00,Aldus_Must.R@consulting.com,NULL
08-0951972,Alecia,Corn,27,Male,Accounting,136769.00,Alecia_Corn.H@consulting.com,NULL
13-7238859,Aleda,Benito,46,Male,Accounting,109229.00,Aleda_Beni.R@consulting.com,NULL
46-5923521,Aleece,Killich,57,Male,Accounting,161120.00,Aleece_Kill.R@consulting.com,NULL
95-3359761,Aleen,Richie,56,Female,Accounting,82343.00,Aleen_Rich.H@consulting.com,NULL
67-3618800,Alejandra,Hercules,53,Female,Accounting,135563.00,Alejandra_Herc.H@consulting.com,NULL
93-9650788,Alejandrina,Brewse,35,Male,Accounting,140608.00,Alejandrina_Brew.R@consulting.com,NULL
18-1845160,Alejandro,Colvill,54,Female,Accounting,143374.00,Alejandro_Colv.R@consulting.com,NULL
95-3448521,Alene,Christon,22,Female,Accounting,82636.00,Alene_Chri.H@consulting.com,NULL
44-3662131,Alessandra,Archdeckne,28,Male,Accounting,113452.00,Alessandra_Arch.R@consulting.com,NULL
97-1912316,Alexa,Lagden,23,Male,Accounting,136642.00,Alexa_Lagd.H@consulting.com,NULL
84-1046086,Alexander,Rentoll,53,Female,Accounting,175734.00,Alexander_Rent.H@consulting.com,NULL
90-9593357,Alexandre,Geffen,48,Female,Accounting,184774.00,Alexandre_Geff.R@consulting.com,"2011-11-19 05:46:43"
20-0854504,Alexandros,Potell,47,Male,Accounting,167558.00,Alexandros_Pote.R@consulting.com,NULL
62-4386805,Alexandros,Licas,43,Male,Accounting,152949.00,Alexandros_Lica.R@consulting.com,NULL
81-1567071,Alexi,Corkill,40,Female,Accounting,68872.00,Alexi_Cork.H@consulting.com,NULL
75-1505644,Alexis,Dahle,27,Male,Accounting,124389.00,Alexis_Dahl.R@consulting.com,NULL
77-4652654,Alexis,Richardon,54,Female,Accounting,148657.00,Alexis_Rich.H@consulting.com,NULL
52-0685986,Alfie,Lawerence,32,Male,Accounting,160166.00,Alfie_Lawe.R@consulting.com,NULL
03-3972201,Alfonso,Salliss,34,Male,Accounting,96138.00,Alfonso_Sall.R@consulting.com,NULL
30-5178239,Alfred,Bompas,46,Female,Accounting,126803.00,Alfred_Bomp.R@consulting.com,NULL
41-2762475,Alia,Beswetherick,31,Male,Accounting,69188.00,Alia_Besw.R@consulting.com,NULL
79-1633611,Alice,Cortnay,56,Male,Accounting,122463.00,Alice_Cort.H@consulting.com,NULL
82-5534285,Alick,Pople,44,Male,Accounting,127661.00,Alick_Popl.R@consulting.com,NULL
00-0715212,Alida,Longley,51,Female,Accounting,156904.00,Alida_Long.H@consulting.com,NULL
08-6687755,Alidia,Barkworth,45,Male,Accounting,103105.00,Alidia_Bark.R@consulting.com,NULL
94-1220426,Alidia,Kitchingman,38,Male,Accounting,67903.00,Alidia_Kitc.H@consulting.com,"2023-09-15 04:06:04"
95-1900224,Alina,Iacovo,42,Male,Accounting,130584.00,Alina_Iaco.R@consulting.com,"2014-09-21 12:10:11"
95-7734318,Alina,Paullin,54,Female,Accounting,72008.00,Alina_Paul.H@consulting.com,NULL
55-2839139,Alisha,Korejs,41,Male,Accounting,131787.00,Alisha_Kore.R@consulting.com,NULL
65-8281865,Alissa,"Van Dijk",45,Male,Accounting,112859.00,"Alissa_Van .H@consulting.com",NULL
22-0760786,Alistair,Creany,53,Female,Accounting,157558.00,Alistair_Crea.R@consulting.com,NULL
63-5538150,Alix,Lebell,47,Male,Accounting,141402.00,Alix_Lebe.H@consulting.com,NULL
65-9611619,Alix,Hoyle,46,Male,Accounting,162252.00,Alix_Hoyl.R@consulting.com,NULL
74-2615907,Aliza,Volett,50,Male,Accounting,91139.00,Aliza_Vole.H@consulting.com,NULL
49-1219909,Allard,Beven,26,Female,Accounting,179674.00,Allard_Beve.H@consulting.com,NULL
51-5198589,Allard,Fouracres,52,Female,Accounting,66565.00,Allard_Four.R@consulting.com,NULL
63-1054681,Allard,Handyside,52,Female,Accounting,179776.00,Allard_Hand.R@consulting.com,NULL
86-4277041,Allard,Gobolos,31,Female,Accounting,67246.00,Allard_Gobo.R@consulting.com,NULL
20-5105244,Allen,Whorton,36,Female,Accounting,81887.00,Allen_Whor.H@consulting.com,NULL
42-6735938,Allene,Merrisson,31,Male,Accounting,153584.00,Allene_Merr.R@consulting.com,NULL
25-4050807,Alley,Guilleton,44,Female,Accounting,157452.00,Alley_Guil.H@consulting.com,NULL
52-3078658,Alley,Balcon,36,Female,Accounting,78079.00,Alley_Balc.H@consulting.com,NULL
54-6673435,Allianora,Jozef,33,Male,Accounting,145231.00,Allianora_Joze.H@consulting.com,NULL
07-7585141,Allie,Toner,36,Male,Accounting,181704.00,Allie_Tone.R@consulting.com,"2013-10-23 17:56:28"
98-5779601,Allie,Deverick,36,Female,Accounting,76891.00,Allie_Deve.H@consulting.com,"2019-05-06 18:07:24"
15-0610679,Allsun,Pavett,23,Female,Accounting,118535.00,Allsun_Pave.R@consulting.com,NULL
60-1314070,Allyce,Shankland,45,Female,Accounting,113120.00,Allyce_Shan.H@consulting.com,NULL
37-6166063,Almira,Feare,45,Female,Accounting,86982.00,Almira_Fear.H@consulting.com,NULL
81-0857776,Aloise,Stoddart,54,Female,Accounting,66360.00,Aloise_Stod.R@consulting.com,NULL
38-0631809,Aloysia,McDougle,53,Female,Accounting,143592.00,Aloysia_McDo.H@consulting.com,NULL
82-0701846,Aloysius,Lushey,39,Male,Accounting,65200.00,Aloysius_Lush.H@consulting.com,NULL
16-0235757,Alphard,Smithson,53,Male,Accounting,144330.00,Alphard_Smit.H@consulting.com,NULL
62-4225762,Alphonse,Pizer,54,Female,Accounting,174294.00,Alphonse_Pize.H@consulting.com,NULL
97-1406089,Alvan,Ceschi,52,Male,Accounting,139962.00,Alvan_Cesc.R@consulting.com,NULL
42-2747223,Alvina,Bettaney,30,Male,Accounting,83240.00,Alvina_Bett.H@consulting.com,NULL
65-9232025,Alvy,Boaler,35,Female,Accounting,98516.00,Alvy_Boal.R@consulting.com,NULL
38-7304618,Alyce,Camell,28,Male,Accounting,122261.00,Alyce_Came.R@consulting.com,NULL
12-0485176,Alyosha,Cough,32,Male,Accounting,109970.00,Alyosha_Coug.R@consulting.com,NULL
20-7974529,Alysia,Enrrico,22,Female,Accounting,149559.00,Alysia_Enrr.H@consulting.com,"2012-07-15 06:32:25"
54-4602465,Alyssa,Jeckell,29,Female,Accounting,130450.00,Alyssa_Jeck.R@consulting.com,NULL
57-9006059,Alyssa,Matysik,43,Female,Accounting,68210.00,Alyssa_Maty.H@consulting.com,NULL
38-1007003,Amalea,Dean,30,Female,Accounting,163629.00,Amalea_Dean.R@consulting.com,NULL
81-1860674,Amalee,Bakhrushin,51,Male,Accounting,106334.00,Amalee_Bakh.H@consulting.com,"2005-09-04 18:54:49"
19-4327064,Amalia,Jurs,33,Female,Accounting,113788.00,Amalia_Jurs.H@consulting.com,NULL
67-5100439,Amalie,Roke,49,Male,Accounting,140610.00,Amalie_Roke.H@consulting.com,NULL
60-4946200,Amalle,Vedmore,25,Female,Accounting,78586.00,Amalle_Vedm.H@consulting.com,NULL
40-8690349,Amanda,Cuskery,46,Male,Accounting,92584.00,Amanda_Cusk.R@consulting.com,NULL
42-3880224,Amandie,Snell,56,Male,Accounting,102960.00,Amandie_Snel.R@consulting.com,NULL
23-9648585,Ambrosius,Caff,26,Female,Accounting,105255.00,Ambrosius_Caff.H@consulting.com,"2014-05-04 22:41:48"
18-7458429,Ame,Garrioch,38,Male,Accounting,155694.00,Ame_Garr.H@consulting.com,NULL
37-3997375,Ame,Aizik,32,Female,Accounting,77105.00,Ame_Aizi.R@consulting.com,NULL
41-1293186,Amerigo,Riddock,34,Female,Accounting,161298.00,Amerigo_Ridd.H@consulting.com,NULL
17-4552653,Amie,Rival,33,Male,Accounting,147329.00,Amie_Riva.R@consulting.com,NULL
33-6901725,Amity,Butts,25,Male,Accounting,111069.00,Amity_Butt.R@consulting.com,NULL
05-4773660,Amye,Westmoreland,51,Male,Accounting,104541.00,Amye_West.H@consulting.com,NULL
45-7270077,Anabal,Kinnie,34,Male,Accounting,79994.00,Anabal_Kinn.H@consulting.com,NULL
93-2303483,Andee,Rewbottom,40,Female,Accounting,165770.00,Andee_Rewb.H@consulting.com,NULL
30-2278762,Andrea,O'Lochan,57,Male,Accounting,157488.00,Andrea_O'Lo.R@consulting.com,NULL
12-6350394,Andria,Delgadillo,41,Male,Accounting,180859.00,Andria_Delg.H@consulting.com,NULL
93-4062210,Andria,Truwert,38,Female,Accounting,79233.00,Andria_Truw.R@consulting.com,NULL
46-1154993,Andriana,Borres,32,Male,Accounting,88696.00,Andriana_Borr.H@consulting.com,NULL
17-6662680,Andy,Scargle,34,Male,Accounting,134794.00,Andy_Scar.H@consulting.com,NULL
30-2452028,Andy,Deval,33,Male,Accounting,90018.00,Andy_Deva.R@consulting.com,NULL
72-7229978,Anetta,Mickelwright,55,Female,Accounting,132232.00,Anetta_Mick.H@consulting.com,NULL
03-5200029,Angel,Nickols,52,Female,Accounting,156601.00,Angel_Nick.R@consulting.com,NULL
77-0955877,Angela,Lindfors,54,Female,Accounting,72557.00,Angela_Lind.H@consulting.com,NULL
91-7235984,Angela,Chotty,30,Male,Accounting,117970.00,Angela_Chot.R@consulting.com,"2005-04-10 00:37:17"
77-1882927,Angelico,Peltzer,46,Male,Accounting,79362.00,Angelico_Pelt.R@consulting.com,NULL
94-5570897,Angeline,"Di Biasi",40,Male,Accounting,125004.00,"Angeline_Di B.H@consulting.com",NULL
66-9081744,Angie,Gurry,31,Male,Accounting,176446.00,Angie_Gurr.H@consulting.com,NULL
19-9014248,Anitra,Welfair,58,Male,Accounting,83237.00,Anitra_Welf.R@consulting.com,NULL
71-6887568,Ann-marie,Ward,42,Male,Accounting,134491.00,Ann-marie_Ward.H@consulting.com,NULL
60-8636837,Anna-diane,Bauldry,22,Male,Accounting,179572.00,Anna-diane_Baul.R@consulting.com,"2012-02-08 12:23:19"
62-8883531,Anna-maria,Marshalleck,22,Male,Accounting,72659.00,Anna-maria_Mars.H@consulting.com,NULL
58-1645819,Annabell,Falconar,45,Female,Accounting,169511.00,Annabell_Falc.H@consulting.com,NULL
11-2086033,Annalee,Hillam,45,Female,Accounting,116194.00,Annalee_Hill.R@consulting.com,NULL
34-6242602,Annaliese,Sansam,56,Female,Accounting,90580.00,Annaliese_Sans.R@consulting.com,NULL
66-9580111,Annamarie,Maunders,24,Female,Accounting,92973.00,Annamarie_Maun.R@consulting.com,NULL
66-0519386,Anni,Cubbit,54,Female,Accounting,95674.00,Anni_Cubb.H@consulting.com,NULL
10-0507303,Annie,Townson,57,Male,Accounting,148459.00,Annie_Town.H@consulting.com,NULL
26-4181987,Ansel,"De Ortega",30,Male,Accounting,142807.00,"Ansel_De O.R@consulting.com",NULL
50-8877020,Ansel,MacIlriach,38,Male,Accounting,82871.00,Ansel_MacI.R@consulting.com,"2022-12-15 18:44:30"
67-5756266,Anselm,Skelding,27,Female,Accounting,171150.00,Anselm_Skel.H@consulting.com,NULL
20-1905431,Anselma,Momford,56,Male,Accounting,156221.00,Anselma_Momf.R@consulting.com,NULL
19-0764898,Anthony,Eckery,57,Male,Accounting,160976.00,Anthony_Ecke.H@consulting.com,NULL
82-2262671,Anthony,Hembery,48,Female,Accounting,66582.00,Anthony_Hemb.R@consulting.com,NULL
93-4458619,Anthony,Byrnes,37,Female,Accounting,127710.00,Anthony_Byrn.R@consulting.com,NULL
39-1161878,Antonietta,Bartoletti,37,Female,Accounting,119666.00,Antonietta_Bart.R@consulting.com,NULL
05-8979688,Appolonia,Newick,36,Female,Accounting,99103.00,Appolonia_Newi.R@consulting.com,NULL
57-0024011,April,Wolpert,41,Female,Accounting,141444.00,April_Wolp.H@consulting.com,NULL
52-6926497,Aprilette,McCoish,50,Male,Accounting,154937.00,Aprilette_McCo.H@consulting.com,NULL
80-0872277,Aprilette,Sivior,38,Female,Accounting,143006.00,Aprilette_Sivi.R@consulting.com,NULL
45-5260951,Ara,Goldin,33,Male,Accounting,100968.00,Ara_Gold.R@consulting.com,NULL
29-3532369,Arabel,Waddilow,57,Male,Accounting,94964.00,Arabel_Wadd.H@consulting.com,NULL
31-7067754,Arabel,Joplin,43,Male,Accounting,164016.00,Arabel_Jopl.R@consulting.com,"2017-04-21 17:26:39"
47-3663913,Arabelle,Pesik,39,Male,Accounting,92459.00,Arabelle_Pesi.R@consulting.com,"2023-03-12 23:44:12"
57-4331505,Arabelle,Dilnot,45,Female,Accounting,167305.00,Arabelle_Diln.H@consulting.com,NULL
95-0735428,Archibold,Croot,40,Male,Accounting,112915.00,Archibold_Croo.H@consulting.com,NULL
55-6798500,Arda,Sallery,38,Male,Accounting,171894.00,Arda_Sall.R@consulting.com,NULL
66-9644102,Ardeen,O'Cannon,48,Male,Accounting,68363.00,Ardeen_O'Ca.H@consulting.com,NULL
32-2059718,Ardelle,MacCosto,45,Male,Accounting,162767.00,Ardelle_MacC.R@consulting.com,NULL
58-4220867,Ardelle,Sorsbie,39,Male,Accounting,160023.00,Ardelle_Sors.R@consulting.com,NULL
02-2486666,Ardene,McQuillen,28,Male,Accounting,66388.00,Ardene_McQu.H@consulting.com,NULL
09-8839548,Ardene,Beedham,54,Male,Accounting,104578.00,Ardene_Beed.R@consulting.com,NULL
84-7674652,Ardenia,Presho,30,Female,Accounting,124072.00,Ardenia_Pres.H@consulting.com,NULL
96-3406158,Ardith,Ivermee,39,Male,Accounting,175440.00,Ardith_Iver.R@consulting.com,NULL
43-1354226,Ardra,Gleadhall,53,Male,Accounting,139315.00,Ardra_Glea.R@consulting.com,NULL
90-6562090,Ardra,Fante,25,Male,Accounting,176407.00,Ardra_Fant.R@consulting.com,NULL
07-2168841,Ardyce,Kordes,34,Female,Accounting,165041.00,Ardyce_Kord.H@consulting.com,"2023-08-05 00:46:41"
29-6567609,Ari,Stansby,37,Female,Accounting,80236.00,Ari_Stan.H@consulting.com,NULL
27-0519672,Ariadne,Elsie,41,Male,Accounting,117283.00,Ariadne_Elsi.H@consulting.com,NULL
60-9639349,Ariadne,Cheshir,27,Male,Accounting,139343.00,Ariadne_Ches.H@consulting.com,NULL
60-2152688,Ariana,Makinson,25,Female,Accounting,65056.00,Ariana_Maki.R@consulting.com,NULL
89-5970787,Ariana,McGinnis,44,Male,Accounting,121377.00,Ariana_McGi.H@consulting.com,"2015-03-02 06:51:52"
21-4706878,Aridatha,Amps,51,Female,Accounting,81393.00,Aridatha_Amps.R@consulting.com,NULL
16-4881488,Arlan,Illsley,54,Female,Accounting,150118.00,Arlan_Ills.R@consulting.com,NULL
04-5174787,Arlene,Arkow,44,Male,Accounting,96632.00,Arlene_Arko.H@consulting.com,NULL
65-0331659,Arleta,Twatt,40,Female,Accounting,66145.00,Arleta_Twat.R@consulting.com,"2019-03-13 15:27:43"
57-4266358,Arley,Pettengell,31,Female,Accounting,100807.00,Arley_Pett.R@consulting.com,NULL
84-1944732,Arley,Bradshaw,23,Female,Accounting,79285.00,Arley_Brad.R@consulting.com,NULL
12-0244261,Arliene,Lynnett,40,Male,Accounting,79171.00,Arliene_Lynn.H@consulting.com,NULL
54-9991788,Arliene,Eagell,47,Male,Accounting,150932.00,Arliene_Eage.R@consulting.com,NULL
35-6834715,Arlinda,Guard,41,Male,Accounting,141555.00,Arlinda_Guar.H@consulting.com,"2014-07-03 04:35:45"
57-6599812,Arline,Nore,37,Female,Accounting,67161.00,Arline_Nore.R@consulting.com,NULL
81-7184990,Armando,Nerger,51,Male,Accounting,168397.00,Armando_Nerg.R@consulting.com,NULL
95-4878619,Armin,Ashbolt,52,Female,Accounting,84735.00,Armin_Ashb.R@consulting.com,NULL
97-1509439,Armstrong,Fearnehough,51,Male,Accounting,135507.00,Armstrong_Fear.R@consulting.com,NULL
67-5523982,Arnie,Yearnes,31,Male,Accounting,148280.00,Arnie_Year.H@consulting.com,NULL
80-2082816,Arron,Gaythorpe,43,Female,Accounting,131166.00,Arron_Gayt.H@consulting.com,NULL
54-8556760,Arte,Zaple,43,Male,Accounting,122825.00,Arte_Zapl.H@consulting.com,NULL
89-7042491,Arther,Casey,26,Male,Accounting,96490.00,Arther_Case.H@consulting.com,"2013-12-27 11:15:16"
30-5011658,Artie,Brazer,40,Male,Accounting,112965.00,Artie_Braz.H@consulting.com,"2017-07-22 01:09:56"
53-1032836,Artur,Cleaves,25,Female,Accounting,145939.00,Artur_Clea.H@consulting.com,NULL
84-8620198,Arty,Cutteridge,31,Male,Accounting,150342.00,Arty_Cutt.R@consulting.com,NULL
10-5351557,Arv,Orringe,54,Male,Accounting,96939.00,Arv_Orri.R@consulting.com,NULL
31-7199673,Arvie,Holmyard,36,Male,Accounting,157229.00,Arvie_Holm.R@consulting.com,NULL
37-6964818,Arvin,Matkin,56,Male,Accounting,102893.00,Arvin_Matk.R@consulting.com,"2018-11-12 17:56:29"
73-3639527,Arvy,Narducci,24,Female,Accounting,120728.00,Arvy_Nard.H@consulting.com,NULL
18-7877439,Aryn,Philippsohn,45,Male,Accounting,155480.00,Aryn_Phil.R@consulting.com,NULL
15-0760970,Ase,"de Guerre",23,Female,Accounting,91502.00,"Ase_de G.H@consulting.com",NULL
41-0033853,Ase,Rosekilly,29,Male,Accounting,80043.00,Ase_Rose.H@consulting.com,NULL
28-9338672,Ashil,Kastel,35,Female,Accounting,97014.00,Ashil_Kast.H@consulting.com,NULL
72-8212143,Ashlen,Essery,47,Male,Accounting,175283.00,Ashlen_Esse.R@consulting.com,NULL
77-1627150,Ashlen,Allston,55,Female,Accounting,173640.00,Ashlen_Alls.H@consulting.com,NULL
30-9584425,Ashley,Hedin,49,Male,Accounting,97711.00,Ashley_Hedi.H@consulting.com,NULL
39-2496220,Ashlin,Saunderson,53,Female,Accounting,81327.00,Ashlin_Saun.R@consulting.com,NULL
99-2732835,Ashlin,Sewall,28,Male,Accounting,119995.00,Ashlin_Sewa.H@consulting.com,NULL
53-5470296,Astrid,Ohanessian,49,Male,Accounting,149149.00,Astrid_Ohan.H@consulting.com,NULL
22-7716123,Aube,Botton,29,Male,Accounting,119619.00,Aube_Bott.R@consulting.com,NULL
68-9158926,Audre,Becket,51,Female,Accounting,84981.00,Audre_Beck.H@consulting.com,NULL
71-7059842,Audry,Blackmore,50,Male,Accounting,91314.00,Audry_Blac.H@consulting.com,NULL
73-0113570,Audrye,McRavey,30,Male,Accounting,111339.00,Audrye_McRa.H@consulting.com,NULL
28-9507488,Audy,Viel,38,Male,Accounting,112615.00,Audy_Viel.H@consulting.com,NULL
31-8002479,Audy,Hubane,54,Male,Accounting,128831.00,Audy_Huba.H@consulting.com,NULL
66-5364737,Augustine,Wickardt,43,Male,Accounting,82429.00,Augustine_Wick.R@consulting.com,NULL
91-1259692,Augustine,Twiggs,57,Female,Accounting,103637.00,Augustine_Twig.H@consulting.com,NULL
46-5287197,Augusto,Eger,32,Female,Accounting,67264.00,Augusto_Eger.H@consulting.com,NULL
59-7336680,Augustus,Drinkall,39,Male,Accounting,126178.00,Augustus_Drin.H@consulting.com,NULL
43-7875348,Aundrea,Gatenby,26,Female,Accounting,159114.00,Aundrea_Gate.H@consulting.com,NULL
76-9519515,Aundrea,Worledge,33,Female,Accounting,80884.00,Aundrea_Worl.H@consulting.com,"2019-03-21 12:39:44"
87-4245271,Aundrea,Dufore,36,Female,Accounting,160054.00,Aundrea_Dufo.H@consulting.com,NULL
88-1178417,Aundrea,Craythorne,38,Male,Accounting,162133.00,Aundrea_Cray.H@consulting.com,NULL
25-9968088,Aurelia,Clemenzo,30,Female,Accounting,164901.00,Aurelia_Clem.R@consulting.com,NULL
49-6862165,Aurelia,Davidovic,56,Female,Accounting,124354.00,Aurelia_Davi.R@consulting.com,NULL
89-6985903,Aurelie,Udall,38,Male,Accounting,95736.00,Aurelie_Udal.R@consulting.com,NULL
98-4461546,Auroora,Nickels,28,Male,Accounting,137348.00,Auroora_Nick.R@consulting.com,NULL
79-7027538,Averell,Blacklidge,50,Female,Accounting,157363.00,Averell_Blac.R@consulting.com,"2022-10-06 23:45:33"
48-7943943,Averyl,Mebes,50,Female,Accounting,105168.00,Averyl_Mebe.H@consulting.com,"2008-02-28 20:48:29"
87-1931026,Averyl,Malkinson,24,Female,Accounting,172819.00,Averyl_Malk.R@consulting.com,NULL
60-3352594,Avie,Balshen,22,Female,Accounting,154603.00,Avie_Bals.R@consulting.com,NULL
81-1497802,Avrit,Linturn,29,Female,Accounting,74749.00,Avrit_Lint.R@consulting.com,NULL
44-4296307,Avrom,Shurrock,46,Female,Accounting,72039.00,Avrom_Shur.H@consulting.com,NULL
80-2787234,Avrom,Choake,39,Female,Accounting,141465.00,Avrom_Choa.R@consulting.com,NULL
72-2340836,Aymer,Fanshawe,57,Male,Accounting,183275.00,Aymer_Fans.R@consulting.com,NULL
31-3815442,Bab,McDavitt,46,Male,Accounting,129719.00,Bab_McDa.R@consulting.com,NULL
57-6408794,Bab,Domesday,55,Male,Accounting,82853.00,Bab_Dome.H@consulting.com,NULL
85-0912450,Babbette,Geistmann,35,Male,Accounting,110050.00,Babbette_Geis.H@consulting.com,"2009-04-26 03:51:26"
54-0235138,Babbie,Lauritzen,45,Male,Accounting,155618.00,Babbie_Laur.R@consulting.com,NULL
23-6589325,Babs,Hewes,56,Male,Accounting,65104.00,Babs_Hewe.H@consulting.com,NULL
44-7084770,Bailey,Crome,30,Male,Accounting,80750.00,Bailey_Crom.H@consulting.com,NULL
35-4208320,Bailie,Blades,38,Female,Accounting,173372.00,Bailie_Blad.R@consulting.com,NULL
71-7413304,Baily,Stangoe,33,Female,Accounting,124594.00,Baily_Stan.H@consulting.com,"2020-03-12 19:32:14"
25-6005165,Baird,Huyge,43,Female,Accounting,103760.00,Baird_Huyg.R@consulting.com,NULL
75-8633500,Baird,Conaghan,50,Male,Accounting,172978.00,Baird_Cona.H@consulting.com,NULL
16-5754561,Balduin,Griffen,37,Female,Accounting,86916.00,Balduin_Grif.H@consulting.com,NULL
08-5400179,Bale,Gosdin,46,Female,Accounting,104086.00,Bale_Gosd.H@consulting.com,NULL
99-1995012,Bancroft,MacCarrane,35,Male,Accounting,91735.00,Bancroft_MacC.H@consulting.com,NULL
58-0509094,Barbette,Osborn,22,Female,Accounting,69595.00,Barbette_Osbo.H@consulting.com,NULL
65-2167673,Barbey,Rankcom,25,Female,Accounting,166419.00,Barbey_Rank.H@consulting.com,NULL
73-6354647,Barbie,Jakeman,35,Male,Accounting,179933.00,Barbie_Jake.H@consulting.com,NULL
03-6230242,Barbra,Brotherton,23,Female,Accounting,88089.00,Barbra_Brot.H@consulting.com,"2022-06-04 08:49:50"
99-6352484,Barby,Dellit,25,Female,Accounting,116598.00,Barby_Dell.H@consulting.com,NULL
45-8085486,Barnard,Sancto,52,Female,Accounting,143843.00,Barnard_Sanc.H@consulting.com,NULL
08-4292923,Barr,Bantock,39,Male,Accounting,88042.00,Barr_Bant.H@consulting.com,NULL
78-3923269,Barr,Crim,46,Female,Accounting,87407.00,Barr_Crim.H@consulting.com,NULL
76-8621517,Barrett,Elcum,34,Male,Accounting,135963.00,Barrett_Elcu.R@consulting.com,NULL
83-3135323,Barrett,Anthoin,39,Male,Accounting,124550.00,Barrett_Anth.H@consulting.com,NULL
14-0363262,Barrie,Rickson,51,Male,Accounting,141793.00,Barrie_Rick.H@consulting.com,"2012-11-18 05:53:08"
28-1849616,Bartel,Beldam,42,Male,Accounting,65766.00,Bartel_Beld.H@consulting.com,NULL
40-4751108,Bartel,Jepperson,32,Male,Accounting,77076.00,Bartel_Jepp.H@consulting.com,NULL
62-5890922,Bartolomeo,Dufall,38,Male,Accounting,159223.00,Bartolomeo_Dufa.H@consulting.com,NULL
90-1187749,Base,Hutley,56,Female,Accounting,115922.00,Base_Hutl.H@consulting.com,NULL
78-4624851,Basil,MacShirrie,35,Female,Accounting,116448.00,Basil_MacS.H@consulting.com,NULL
95-4613534,Basile,Langlais,28,Female,Accounting,143204.00,Basile_Lang.H@consulting.com,NULL
70-1334273,Bastian,Simenel,51,Female,Accounting,153010.00,Bastian_Sime.H@consulting.com,NULL
28-3680237,Bastien,Pimbley,34,Female,Accounting,168691.00,Bastien_Pimb.H@consulting.com,NULL
07-6256757,Batsheva,"De Cruze",41,Female,Accounting,76195.00,"Batsheva_De C.R@consulting.com",NULL
75-6313306,Baxie,Schust,26,Male,Accounting,138056.00,Baxie_Schu.H@consulting.com,NULL
77-1673999,Beale,Cammis,55,Male,Accounting,128097.00,Beale_Camm.H@consulting.com,NULL
87-7482025,Beatrice,Densell,29,Male,Accounting,163627.00,Beatrice_Dens.R@consulting.com,NULL
12-1689412,Becca,Beasley,34,Female,Accounting,110725.00,Becca_Beas.H@consulting.com,NULL
01-2313150,Bee,Daymond,30,Male,Accounting,114767.00,Bee_Daym.R@consulting.com,NULL
34-4362192,Bel,Muldownie,55,Male,Accounting,166244.00,Bel_Muld.H@consulting.com,NULL
22-1392215,Belicia,Conwell,28,Female,Accounting,181705.00,Belicia_Conw.H@consulting.com,NULL
80-9278500,Belicia,Capinetti,29,Female,Accounting,139469.00,Belicia_Capi.H@consulting.com,NULL
82-7870548,Bendicty,Stallard,33,Female,Accounting,94928.00,Bendicty_Stal.R@consulting.com,"2005-02-06 02:15:26"
16-0739409,Benedetto,Dohrmann,28,Female,Accounting,109147.00,Benedetto_Dohr.H@consulting.com,NULL
23-7314623,Benedicto,Wrankling,24,Female,Accounting,82544.00,Benedicto_Wran.H@consulting.com,NULL
81-6362922,Benedikt,Gorke,36,Female,Accounting,128874.00,Benedikt_Gork.R@consulting.com,NULL
94-1175232,Benedikt,Durek,55,Female,Accounting,97610.00,Benedikt_Dure.H@consulting.com,NULL
46-8995486,Benjamin,Buye,23,Male,Accounting,68472.00,Benjamin_Buye.R@consulting.com,NULL
09-1785230,Benji,Delea,38,Female,Accounting,107109.00,Benji_Dele.R@consulting.com,NULL
55-9395190,Benji,Jantet,43,Female,Accounting,155337.00,Benji_Jant.H@consulting.com,"2009-09-29 18:56:49"
97-0993625,Benny,Patemore,36,Male,Accounting,80510.00,Benny_Pate.H@consulting.com,NULL
16-4853606,Benoit,Davitashvili,30,Male,Accounting,173228.00,Benoit_Davi.H@consulting.com,NULL
32-1282063,Benoit,Risbridge,52,Female,Accounting,134696.00,Benoit_Risb.H@consulting.com,NULL
60-5238545,Benoite,Piper,37,Male,Accounting,74469.00,Benoite_Pipe.R@consulting.com,NULL
50-4462477,Bentlee,Plumbley,38,Female,Accounting,137821.00,Bentlee_Plum.R@consulting.com,NULL
57-0764282,Bentlee,Pizzey,23,Male,Accounting,136418.00,Bentlee_Pizz.R@consulting.com,NULL
57-5897147,Ber,Delgardillo,51,Female,Accounting,179317.00,Ber_Delg.H@consulting.com,NULL
31-1327252,Berget,Caller,55,Female,Accounting,142159.00,Berget_Call.R@consulting.com,NULL
05-6954676,Berk,Griffitt,44,Male,Accounting,147963.00,Berk_Grif.H@consulting.com,NULL
22-9705203,Berke,Edowes,36,Female,Accounting,161331.00,Berke_Edow.H@consulting.com,NULL
23-3029611,Berkie,McGaw,46,Male,Accounting,130924.00,Berkie_McGa.R@consulting.com,"2012-05-14 09:31:23"
83-7080182,Berkie,Westcott,42,Female,Accounting,151659.00,Berkie_West.H@consulting.com,NULL
64-5004601,Berky,Forsyde,48,Male,Accounting,69138.00,Berky_Fors.H@consulting.com,"2018-07-16 17:53:31"
79-6225986,Bern,Balkwill,49,Male,Accounting,127231.00,Bern_Balk.R@consulting.com,NULL
55-0887136,Berna,Snasdell,35,Female,Accounting,89850.00,Berna_Snas.H@consulting.com,"2009-09-05 01:24:36"
09-5070412,Bernardine,Artois,48,Female,Accounting,139178.00,Bernardine_Arto.H@consulting.com,"2015-06-02 01:50:24"
18-1084471,Bernardo,Bratty,46,Female,Accounting,87152.00,Bernardo_Brat.R@consulting.com,NULL
67-3554633,Bernelle,Slipper,57,Female,Accounting,68954.00,Bernelle_Slip.R@consulting.com,NULL
10-2285558,Bernete,Butterfill,51,Female,Accounting,142666.00,Bernete_Butt.H@consulting.com,NULL
58-2643036,Bernete,Wilcott,33,Female,Accounting,66242.00,Bernete_Wilc.H@consulting.com,NULL
72-0657370,Bernie,McAw,58,Male,Accounting,67564.00,Bernie_McAw.H@consulting.com,NULL
71-3617325,Bernita,Shortell,48,Female,Accounting,69728.00,Bernita_Shor.H@consulting.com,NULL
51-1438178,Berny,Marousek,47,Male,Accounting,140863.00,Berny_Maro.R@consulting.com,NULL
50-2947198,Berrie,Deeble,47,Male,Accounting,139245.00,Berrie_Deeb.H@consulting.com,NULL
72-6703078,Bert,Handscomb,25,Female,Accounting,70067.00,Bert_Hand.R@consulting.com,NULL
33-2611851,Bertha,Cough,56,Female,Accounting,88057.00,Bertha_Coug.H@consulting.com,NULL
03-3323204,Berti,Pashby,43,Male,Accounting,164420.00,Berti_Pash.R@consulting.com,NULL
76-4075996,Bertina,Itzkovsky,29,Female,Accounting,181674.00,Bertina_Itzk.R@consulting.com,NULL
34-8670847,Bertine,Baron,52,Female,Accounting,112850.00,Bertine_Baro.R@consulting.com,NULL
02-9416533,Bethany,Benediktsson,28,Male,Accounting,161986.00,Bethany_Bene.R@consulting.com,NULL
79-3472764,Betti,Luciano,37,Male,Accounting,83521.00,Betti_Luci.H@consulting.com,NULL
19-6617528,Bettine,Turbill,41,Male,Accounting,109425.00,Bettine_Turb.H@consulting.com,NULL
58-3858242,Bevan,Loveguard,41,Male,Accounting,129019.00,Bevan_Love.H@consulting.com,NULL
25-0257814,Beverie,MacHarg,41,Female,Accounting,145328.00,Beverie_MacH.R@consulting.com,NULL
11-3283233,Bevin,McGennis,43,Female,Accounting,175322.00,Bevin_McGe.H@consulting.com,NULL
25-8794667,Bevin,Daudray,57,Male,Accounting,106813.00,Bevin_Daud.R@consulting.com,NULL
67-7391434,Bianka,Featherston,54,Male,Accounting,175324.00,Bianka_Feat.R@consulting.com,NULL
35-8281026,Bibi,Kearey,28,Female,Accounting,167420.00,Bibi_Kear.R@consulting.com,"2008-10-25 14:10:42"
39-9306608,Bibi,Robottom,27,Female,Accounting,78770.00,Bibi_Robo.H@consulting.com,NULL
90-5791723,Bibi,Searson,39,Female,Accounting,169982.00,Bibi_Sear.H@consulting.com,NULL
36-6252951,Billi,Clotworthy,36,Female,Accounting,138446.00,Billi_Clot.R@consulting.com,"2022-02-20 13:53:03"
48-7694623,Billy,Masser,42,Male,Accounting,103237.00,Billy_Mass.R@consulting.com,"2023-12-07 10:16:55"
61-1634100,Billy,Shelliday,45,Female,Accounting,141576.00,Billy_Shel.H@consulting.com,NULL
68-7492011,Bing,McGown,48,Female,Accounting,87437.00,Bing_McGo.H@consulting.com,NULL
66-1139659,Binnie,Haughan,50,Male,Accounting,111362.00,Binnie_Haug.R@consulting.com,NULL
14-8308614,Bird,Olennikov,24,Female,Accounting,175155.00,Bird_Olen.H@consulting.com,NULL
66-0669704,Birgitta,Ockwell,31,Female,Accounting,112798.00,Birgitta_Ockw.H@consulting.com,NULL
13-2862396,Birk,Caress,48,Female,Accounting,97621.00,Birk_Care.H@consulting.com,NULL
66-9980712,Bjorn,Rourke,27,Male,Accounting,69310.00,Bjorn_Rour.H@consulting.com,NULL
81-4193529,Bjorn,Begent,47,Male,Accounting,175234.00,Bjorn_Bege.R@consulting.com,NULL
84-1120013,Blair,Jacquet,57,Male,Accounting,172310.00,Blair_Jacq.H@consulting.com,NULL
38-1962888,Blake,Wandless,25,Male,Accounting,162169.00,Blake_Wand.H@consulting.com,NULL
33-7190259,Blakelee,Venton,37,Female,Accounting,139886.00,Blakelee_Vent.R@consulting.com,NULL
64-1014088,Blakelee,Pottiphar,50,Female,Accounting,132437.00,Blakelee_Pott.R@consulting.com,NULL
69-0680239,Blakeley,Rosle,53,Female,Accounting,93966.00,Blakeley_Rosl.R@consulting.com,NULL
43-7295371,Blanca,Bessey,56,Male,Accounting,149802.00,Blanca_Bess.R@consulting.com,"2014-12-12 04:21:32"
62-4757589,Blancha,Glaister,50,Female,Accounting,111539.00,Blancha_Glai.H@consulting.com,"2020-05-13 09:02:36"
33-2425335,Blinni,Gagin,35,Female,Accounting,77047.00,Blinni_Gagi.R@consulting.com,NULL
27-5070048,Blisse,Plant,23,Male,Accounting,182801.00,Blisse_Plan.R@consulting.com,NULL
95-1856373,Blondelle,Dorbon,41,Male,Accounting,132795.00,Blondelle_Dorb.H@consulting.com,NULL
37-6877522,Blondie,Washington,28,Male,Accounting,70173.00,Blondie_Wash.H@consulting.com,NULL
42-0882203,Blythe,Fassum,34,Female,Accounting,119648.00,Blythe_Fass.R@consulting.com,NULL
41-5147310,Bob,Rosenhaus,32,Male,Accounting,95586.00,Bob_Rose.R@consulting.com,NULL
63-9749587,Bob,Swann,43,Male,Accounting,160444.00,Bob_Swan.H@consulting.com,NULL
44-7741984,Bobbie,Isles,50,Male,Accounting,173929.00,Bobbie_Isle.H@consulting.com,NULL
51-9598913,Bobby,Postance,45,Male,Accounting,88006.00,Bobby_Post.H@consulting.com,NULL
77-9501144,Bobby,Auguste,46,Female,Accounting,103814.00,Bobby_Augu.R@consulting.com,NULL
96-2141180,Bobby,Christy,38,Male,Accounting,66688.00,Bobby_Chri.H@consulting.com,NULL
83-9705645,Bobette,Shrimpton,56,Male,Accounting,140194.00,Bobette_Shri.R@consulting.com,NULL
39-0727291,Bobina,Finlator,58,Male,Accounting,179330.00,Bobina_Finl.R@consulting.com,"2020-04-12 19:35:34"
94-1532603,Bobina,Jaquest,51,Female,Accounting,111585.00,Bobina_Jaqu.R@consulting.com,"2019-08-03 05:12:24"
95-2216068,Boigie,Bernuzzi,26,Female,Accounting,143072.00,Boigie_Bern.R@consulting.com,"2015-10-04 17:24:01"
92-7179351,Bondy,Blasli,41,Female,Accounting,184483.00,Bondy_Blas.R@consulting.com,NULL
29-6930522,Bonita,Rowbotham,51,Male,Accounting,107001.00,Bonita_Rowb.R@consulting.com,NULL
64-9666772,Bonnie,Curedale,37,Female,Accounting,165427.00,Bonnie_Cure.R@consulting.com,NULL
87-3998742,Bonnie,Burleigh,52,Female,Accounting,131493.00,Bonnie_Burl.H@consulting.com,"2017-07-07 06:23:36"
76-6321006,Boone,Gyse,49,Male,Accounting,67680.00,Boone_Gyse.H@consulting.com,NULL
65-4696729,Boonie,Baptista,50,Male,Accounting,126091.00,Boonie_Bapt.R@consulting.com,NULL
88-8090995,Boote,Dochon,45,Female,Accounting,135714.00,Boote_Doch.H@consulting.com,NULL
78-4968287,Bord,Grinishin,36,Male,Accounting,132863.00,Bord_Grin.R@consulting.com,NULL
64-1134513,Borg,Markel,54,Male,Accounting,179236.00,Borg_Mark.H@consulting.com,NULL
22-3499749,Boris,Fuzzard,42,Male,Accounting,95312.00,Boris_Fuzz.R@consulting.com,NULL
89-2587905,Boy,Parrot,42,Female,Accounting,140998.00,Boy_Parr.H@consulting.com,NULL
70-8595126,Boyce,Darko,24,Female,Accounting,100537.00,Boyce_Dark.H@consulting.com,NULL
57-4025211,Brade,Witcomb,27,Female,Accounting,90230.00,Brade_Witc.R@consulting.com,NULL
52-1020658,Bradly,Tomczykowski,43,Female,Accounting,71777.00,Bradly_Tomc.R@consulting.com,NULL
82-2144794,Bran,Anders,26,Male,Accounting,154090.00,Bran_Ande.R@consulting.com,NULL
00-8912428,Brana,Gwin,45,Male,Accounting,96168.00,Brana_Gwin.H@consulting.com,NULL
58-9304340,Brana,Ilyasov,50,Female,Accounting,114362.00,Brana_Ilya.H@consulting.com,NULL
63-6714702,Brand,Brisker,24,Female,Accounting,114465.00,Brand_Bris.H@consulting.com,NULL
84-9182806,Brandais,Harbisher,50,Female,Accounting,108239.00,Brandais_Harb.H@consulting.com,NULL
19-3430115,Brandi,Jeppe,22,Female,Accounting,170019.00,Brandi_Jepp.R@consulting.com,NULL
58-4311380,Brandtr,Tilbury,33,Female,Accounting,131336.00,Brandtr_Tilb.R@consulting.com,"2023-11-22 07:13:58"
80-6915319,Brandtr,Beastall,48,Female,Accounting,66256.00,Brandtr_Beas.H@consulting.com,"2020-01-05 23:19:03"
31-7627600,Brandy,Gerhold,44,Female,Accounting,65483.00,Brandy_Gerh.H@consulting.com,NULL
47-0159378,Brannon,Asee,30,Female,Accounting,155493.00,Brannon_Asee.H@consulting.com,NULL
73-0777834,Brant,Attard,53,Male,Accounting,165685.00,Brant_Atta.H@consulting.com,NULL
62-2428605,Breanne,Boar,40,Male,Accounting,133508.00,Breanne_Boar.H@consulting.com,NULL
74-7697664,Breanne,Blaxill,53,Male,Accounting,97740.00,Breanne_Blax.R@consulting.com,NULL
06-7167707,Bren,Walklot,44,Female,Accounting,135726.00,Bren_Walk.R@consulting.com,NULL
82-9113977,Brendin,Petrou,47,Male,Accounting,163557.00,Brendin_Petr.R@consulting.com,"2020-12-10 21:15:46"
79-8749617,Brenna,Sicely,49,Male,Accounting,157055.00,Brenna_Sice.R@consulting.com,NULL
58-9233538,Brennen,Robion,29,Male,Accounting,139312.00,Brennen_Robi.H@consulting.com,NULL
74-7624015,Brett,Scorah,40,Male,Accounting,157077.00,Brett_Scor.H@consulting.com,NULL
83-0247395,Brew,Stogill,25,Male,Accounting,103643.00,Brew_Stog.H@consulting.com,NULL
98-8768749,Bria,Joanic,52,Male,Accounting,170957.00,Bria_Joan.H@consulting.com,NULL
91-0360065,Briana,Cursey,54,Female,Accounting,94154.00,Briana_Curs.R@consulting.com,NULL
37-2084359,Briano,Chivrall,26,Male,Accounting,180541.00,Briano_Chiv.H@consulting.com,NULL
21-6205702,Briant,Kausche,44,Female,Accounting,82674.00,Briant_Kaus.R@consulting.com,NULL
17-2642485,Bride,Postins,22,Male,Accounting,101186.00,Bride_Post.H@consulting.com,NULL
82-3065327,Bride,Redferne,48,Male,Accounting,118870.00,Bride_Redf.H@consulting.com,NULL
11-5369055,Brietta,Lamshead,41,Female,Accounting,120381.00,Brietta_Lams.H@consulting.com,NULL
35-6057368,Brietta,O'Connell,40,Male,Accounting,136432.00,Brietta_O'Co.R@consulting.com,NULL
42-1985108,Brigg,Coneley,56,Male,Accounting,96246.00,Brigg_Cone.R@consulting.com,NULL
23-6650486,Brigitta,Heenan,34,Female,Accounting,100188.00,Brigitta_Heen.H@consulting.com,NULL
63-5652436,Brinn,Addekin,40,Male,Accounting,121198.00,Brinn_Adde.H@consulting.com,NULL
85-0150531,Brinna,Kynge,49,Female,Accounting,80614.00,Brinna_Kyng.R@consulting.com,NULL
19-2367265,Briny,Cyson,37,Female,Accounting,168704.00,Briny_Cyso.H@consulting.com,NULL
16-5348745,Brit,Fibbens,46,Female,Accounting,90608.00,Brit_Fibb.R@consulting.com,NULL
70-9610254,Britteny,Wakley,38,Male,Accounting,154393.00,Britteny_Wakl.H@consulting.com,NULL
68-2149551,Brittne,Filipczak,51,Female,Accounting,136149.00,Brittne_Fili.R@consulting.com,NULL
94-8427022,Brock,Devall,40,Female,Accounting,98109.00,Brock_Deva.H@consulting.com,NULL
15-6189168,Brodie,Beining,50,Female,Accounting,83343.00,Brodie_Bein.H@consulting.com,NULL
32-9757219,Brok,McPhilip,32,Male,Accounting,112177.00,Brok_McPh.H@consulting.com,NULL
67-2465620,Brok,Corington,28,Male,Accounting,102921.00,Brok_Cori.H@consulting.com,NULL
35-1650109,Bruce,Westoll,49,Male,Accounting,169869.00,Bruce_West.R@consulting.com,NULL
08-0151847,Bryan,Tumpane,25,Male,Accounting,164515.00,Bryan_Tump.H@consulting.com,NULL
21-1797453,Bryan,BURWIN,35,Female,Accounting,87990.00,Bryan_BURW.H@consulting.com,NULL
02-9774686,Bryce,Smitherham,42,Male,Accounting,128125.00,Bryce_Smit.H@consulting.com,NULL
53-8511519,Bryn,Cornford,42,Male,Accounting,168076.00,Bryn_Corn.R@consulting.com,NULL
71-1839109,Bryn,Bocock,50,Female,Accounting,122016.00,Bryn_Boco.H@consulting.com,NULL
89-0049088,Buckie,Rohloff,51,Female,Accounting,106824.00,Buckie_Rohl.R@consulting.com,"2015-10-27 05:09:06"
84-4462286,Bud,Tallboy,47,Male,Accounting,105767.00,Bud_Tall.H@consulting.com,NULL
84-7265933,Bud,Artinstall,41,Male,Accounting,184594.00,Bud_Arti.R@consulting.com,NULL
80-4206554,Buffy,Noblett,30,Female,Accounting,70647.00,Buffy_Nobl.R@consulting.com,NULL
91-3903024,Burch,Christopherson,51,Male,Accounting,67025.00,Burch_Chri.H@consulting.com,"2019-09-05 08:01:29"
03-6073368,Burg,Lowne,26,Male,Accounting,112217.00,Burg_Lown.R@consulting.com,NULL
75-5843153,Burg,Cadogan,40,Female,Accounting,110788.00,Burg_Cado.R@consulting.com,NULL
91-1200389,Burtie,Page,22,Female,Accounting,143064.00,Burtie_Page.R@consulting.com,NULL
30-4674870,Burty,Benbrick,49,Female,Accounting,150251.00,Burty_Benb.R@consulting.com,NULL
33-3558120,Byram,Reily,54,Male,Accounting,165247.00,Byram_Reil.H@consulting.com,NULL
83-8484743,Byrann,Sitlinton,32,Female,Accounting,129207.00,Byrann_Sitl.H@consulting.com,NULL
58-0633471,Cairistiona,Langlois,28,Male,Accounting,176097.00,Cairistiona_Lang.R@consulting.com,NULL
01-6978020,Caitrin,Renzo,32,Female,Accounting,145825.00,Caitrin_Renz.H@consulting.com,NULL
23-4198588,Caitrin,Grafham,42,Male,Accounting,119739.00,Caitrin_Graf.H@consulting.com,NULL
11-4592071,Calla,Navarre,34,Male,Accounting,108716.00,Calla_Nava.H@consulting.com,NULL
18-4346930,Cally,Oakwood,48,Male,Accounting,129132.00,Cally_Oakw.H@consulting.com,NULL
67-8792150,Calypso,Jillitt,34,Male,Accounting,91928.00,Calypso_Jill.R@consulting.com,NULL
31-8528970,Camala,Hallan,28,Female,Accounting,135999.00,Camala_Hall.H@consulting.com,NULL
83-9220296,Cami,Beggini,30,Male,Accounting,109950.00,Cami_Begg.R@consulting.com,NULL
51-7060492,Camille,Cotterell,49,Male,Accounting,89719.00,Camille_Cott.R@consulting.com,NULL
00-7102476,Cammy,Bleakman,40,Male,Accounting,163199.00,Cammy_Blea.H@consulting.com,NULL
79-2857207,Cammy,Kettell,34,Male,Accounting,140610.00,Cammy_Kett.H@consulting.com,NULL
63-8984125,Candi,Dymock,52,Male,Accounting,93931.00,Candi_Dymo.R@consulting.com,NULL
36-0866980,Candra,Cabrara,45,Male,Accounting,131303.00,Candra_Cabr.H@consulting.com,NULL
53-5969222,Candra,Irvine,23,Male,Accounting,74314.00,Candra_Irvi.R@consulting.com,NULL
45-4280978,Car,Olyfant,30,Male,Accounting,182549.00,Car_Olyf.R@consulting.com,NULL
87-4597914,Car,Girardeau,24,Female,Accounting,140749.00,Car_Gira.R@consulting.com,"2020-10-26 02:17:14"
09-6566170,Carey,Lidgett,53,Male,Accounting,95457.00,Carey_Lidg.R@consulting.com,"2021-12-08 18:50:13"
48-1171427,Carey,Coll,22,Male,Accounting,99300.00,Carey_Coll.H@consulting.com,"2020-09-13 00:08:19"
75-1565820,Carie,McErlaine,51,Male,Accounting,90949.00,Carie_McEr.R@consulting.com,NULL
35-2315048,Carissa,Graham,58,Male,Accounting,156206.00,Carissa_Grah.R@consulting.com,NULL
35-9222579,Carita,Habershaw,51,Male,Accounting,95556.00,Carita_Habe.R@consulting.com,NULL
49-5448929,Carl,Clissell,32,Female,Accounting,132009.00,Carl_Clis.R@consulting.com,NULL
87-8661480,Carleen,Choak,42,Female,Accounting,162264.00,Carleen_Choa.R@consulting.com,NULL
59-8449971,Carlen,Foot,23,Male,Accounting,83655.00,Carlen_Foot.H@consulting.com,NULL
70-9801109,Carlen,Champagne,29,Male,Accounting,158572.00,Carlen_Cham.R@consulting.com,NULL
69-4137344,Carlina,Howick,44,Male,Accounting,160279.00,Carlina_Howi.H@consulting.com,NULL
01-7782368,Carlita,Enevold,23,Male,Accounting,80034.00,Carlita_Enev.H@consulting.com,NULL
46-5536539,Carlita,Croad,51,Female,Accounting,166667.00,Carlita_Croa.H@consulting.com,NULL
63-7050205,Carlye,Peach,52,Male,Accounting,163140.00,Carlye_Peac.H@consulting.com,NULL
97-3171567,Carlyn,MacDuff,48,Female,Accounting,109051.00,Carlyn_MacD.R@consulting.com,NULL
92-8825053,Carlynn,Proudley,53,Male,Accounting,97530.00,Carlynn_Prou.H@consulting.com,NULL
00-3217869,Carlynne,Gouldthorpe,56,Female,Accounting,93766.00,Carlynne_Goul.R@consulting.com,NULL
05-0984551,Carmel,Feaster,56,Female,Accounting,130890.00,Carmel_Feas.H@consulting.com,"2021-02-07 22:39:19"
20-0816572,Carmelina,Londesborough,34,Male,Accounting,95702.00,Carmelina_Lond.H@consulting.com,NULL
39-7808446,Carmelina,McCrudden,42,Male,Accounting,181703.00,Carmelina_McCr.H@consulting.com,NULL
98-4648117,Carmelina,Faldoe,33,Female,Accounting,78966.00,Carmelina_Fald.H@consulting.com,NULL
11-0009345,Carmelita,Sanford,38,Female,Accounting,116604.00,Carmelita_Sanf.R@consulting.com,NULL
72-3275587,Carmelita,Soitoux,43,Female,Accounting,68031.00,Carmelita_Soit.R@consulting.com,NULL
75-4750208,Carmencita,Duffin,23,Female,Accounting,148453.00,Carmencita_Duff.R@consulting.com,NULL
61-3564176,Carmine,Rabbitt,52,Female,Accounting,77012.00,Carmine_Rabb.H@consulting.com,NULL
29-2583647,Carmita,Woosnam,31,Male,Accounting,89378.00,Carmita_Woos.R@consulting.com,NULL
62-6263958,Carmita,Waeland,30,Male,Accounting,177204.00,Carmita_Wael.H@consulting.com,NULL
90-1510961,Carmon,Welbourn,24,Female,Accounting,143143.00,Carmon_Welb.R@consulting.com,NULL
13-3131605,Carney,Flowers,25,Male,Accounting,137658.00,Carney_Flow.R@consulting.com,NULL
31-4436716,Carny,Bargery,34,Male,Accounting,120385.00,Carny_Barg.H@consulting.com,NULL
66-9356432,Carny,Nowell,23,Male,Accounting,122046.00,Carny_Nowe.H@consulting.com,NULL
21-9895343,Caro,Coldrick,27,Male,Accounting,149627.00,Caro_Cold.H@consulting.com,NULL
13-2679341,Carolan,Batho,29,Male,Accounting,94276.00,Carolan_Bath.H@consulting.com,NULL
92-8383873,Carolee,Kincla,25,Male,Accounting,147171.00,Carolee_Kinc.R@consulting.com,NULL
28-2323958,Caroline,Lattka,22,Female,Accounting,114857.00,Caroline_Latt.R@consulting.com,NULL
28-6105501,Caroline,Mirams,52,Female,Accounting,88475.00,Caroline_Mira.R@consulting.com,NULL
43-6048422,Carolyn,Duthie,22,Female,Accounting,161138.00,Carolyn_Duth.H@consulting.com,NULL
60-0575420,Carolyn,Turbitt,43,Male,Accounting,79484.00,Carolyn_Turb.R@consulting.com,NULL
63-7429769,Carolynn,"Du Hamel",32,Male,Accounting,141149.00,"Carolynn_Du H.R@consulting.com",NULL
71-6042900,Caron,Laidlaw,22,Female,Accounting,120621.00,Caron_Laid.H@consulting.com,NULL
24-2248215,Carri,Humphris,55,Male,Accounting,123447.00,Carri_Hump.H@consulting.com,NULL
85-1460638,Carrol,Eddins,35,Female,Accounting,134517.00,Carrol_Eddi.H@consulting.com,NULL
47-2574148,Carry,Blewitt,45,Female,Accounting,145123.00,Carry_Blew.H@consulting.com,NULL
76-1030067,Carson,Aggs,31,Female,Accounting,160109.00,Carson_Aggs.H@consulting.com,NULL
25-7407874,Cart,Georgins,25,Female,Accounting,176906.00,Cart_Geor.H@consulting.com,NULL
33-2179538,Cart,Fritter,47,Male,Accounting,144367.00,Cart_Frit.R@consulting.com,NULL
40-6317743,Carver,Foucar,36,Female,Accounting,177306.00,Carver_Fouc.H@consulting.com,NULL
61-0883883,Cary,Hobden,36,Male,Accounting,113690.00,Cary_Hobd.H@consulting.com,NULL
74-8614289,Cary,Szapiro,51,Male,Accounting,71853.00,Cary_Szap.R@consulting.com,NULL
25-1771442,Cash,Cantu,23,Male,Accounting,171652.00,Cash_Cant.H@consulting.com,NULL
64-8767106,Casi,Calvie,37,Female,Accounting,112779.00,Casi_Calv.R@consulting.com,"2020-10-27 08:16:43"
22-4643086,Casper,Killcross,38,Female,Accounting,81656.00,Casper_Kill.R@consulting.com,NULL
72-4969954,Casper,McManus,49,Male,Accounting,175725.00,Casper_McMa.R@consulting.com,NULL
13-4353240,Cassandry,Meadus,39,Female,Accounting,155219.00,Cassandry_Mead.R@consulting.com,NULL
50-7816548,Cassaundra,Marrian,28,Male,Accounting,98097.00,Cassaundra_Marr.H@consulting.com,NULL
28-9819317,Cassie,Mangin,23,Male,Accounting,122745.00,Cassie_Mang.H@consulting.com,NULL
66-7808166,Cassie,Dobrowlski,56,Male,Accounting,117359.00,Cassie_Dobr.H@consulting.com,NULL
54-0692280,Caterina,Aylott,31,Female,Accounting,158216.00,Caterina_Aylo.H@consulting.com,NULL
98-8646185,Cathe,Hamal,50,Female,Accounting,166957.00,Cathe_Hama.R@consulting.com,NULL
19-7636196,Catherin,Venables,32,Male,Accounting,170691.00,Catherin_Vena.H@consulting.com,NULL
77-6223593,Cati,Drawmer,53,Female,Accounting,73628.00,Cati_Draw.R@consulting.com,NULL
51-2761262,Catlaina,Ort,30,Male,Accounting,106069.00,Catlaina_Ort.H@consulting.com,NULL
57-2152442,Catriona,Vidyapin,54,Female,Accounting,149198.00,Catriona_Vidy.H@consulting.com,NULL
67-1547065,Cece,Denington,33,Female,Accounting,147023.00,Cece_Deni.R@consulting.com,NULL
04-5711643,Ceciley,Hains,27,Female,Accounting,77931.00,Ceciley_Hain.H@consulting.com,NULL
35-6564438,Ceciley,Scarsbrooke,41,Female,Accounting,154913.00,Ceciley_Scar.R@consulting.com,NULL
27-3905626,Cecilia,Thickpenny,25,Female,Accounting,143668.00,Cecilia_Thic.R@consulting.com,NULL
65-4801426,Cecilia,"de Leon",41,Male,Accounting,115199.00,"Cecilia_de L.H@consulting.com",NULL
42-3004335,Cecilio,Brise,39,Male,Accounting,170531.00,Cecilio_Bris.R@consulting.com,NULL
64-3838390,Cecilius,Iozefovich,42,Male,Accounting,144186.00,Cecilius_Ioze.H@consulting.com,NULL
75-5877449,Ced,Stears,55,Female,Accounting,148714.00,Ced_Stea.R@consulting.com,NULL
41-7233836,Cedric,Fido,22,Male,Accounting,81828.00,Cedric_Fido.H@consulting.com,NULL
81-5974939,Cedric,Gales,38,Male,Accounting,81087.00,Cedric_Gale.R@consulting.com,NULL
26-5721630,Ceil,Moreland,39,Female,Accounting,170296.00,Ceil_More.R@consulting.com,"2004-02-25 18:20:12"
56-2772341,Cele,Parkhouse,42,Male,Accounting,82421.00,Cele_Park.R@consulting.com,NULL
59-1574211,Cele,Eamer,31,Male,Accounting,143199.00,Cele_Eame.R@consulting.com,NULL
04-1066063,Celene,Killiam,29,Female,Accounting,114381.00,Celene_Kill.H@consulting.com,"2011-09-27 23:51:02"
56-5047486,Celesta,Remer,41,Male,Accounting,131932.00,Celesta_Reme.H@consulting.com,NULL
02-6032154,Celestina,Barlace,50,Male,Accounting,177189.00,Celestina_Barl.H@consulting.com,NULL
21-2567233,Celestina,Masding,47,Female,Accounting,140087.00,Celestina_Masd.R@consulting.com,NULL
34-5215566,Celestyn,Dowry,54,Male,Accounting,109783.00,Celestyn_Dowr.R@consulting.com,NULL
19-4364299,Celisse,Cogdon,30,Male,Accounting,87924.00,Celisse_Cogd.H@consulting.com,"2016-11-09 18:14:58"
23-2908618,Celle,Bohling,34,Male,Accounting,105979.00,Celle_Bohl.R@consulting.com,NULL
70-9924490,Cello,Chasen,58,Male,Accounting,69945.00,Cello_Chas.H@consulting.com,NULL
93-0761779,Chaddie,Lieber,55,Male,Accounting,70659.00,Chaddie_Lieb.H@consulting.com,NULL
35-8732433,Chanda,Tacon,43,Female,Accounting,67631.00,Chanda_Taco.H@consulting.com,NULL
61-8932888,Chanda,Crouse,43,Male,Accounting,158774.00,Chanda_Crou.H@consulting.com,NULL
59-9351174,Chane,Jodrellec,54,Male,Accounting,115029.00,Chane_Jodr.R@consulting.com,NULL
28-6965448,Chariot,Fall,30,Male,Accounting,92643.00,Chariot_Fall.R@consulting.com,NULL
67-1813973,Chariot,Klagge,48,Male,Accounting,181549.00,Chariot_Klag.H@consulting.com,NULL
44-5173906,Charis,McIlhatton,26,Male,Accounting,76440.00,Charis_McIl.H@consulting.com,NULL
02-4466418,Charisse,Doldon,46,Female,Accounting,66365.00,Charisse_Dold.H@consulting.com,NULL
77-2486932,Charita,Adiscot,34,Male,Accounting,94404.00,Charita_Adis.R@consulting.com,NULL
03-1759111,Charity,Isaksson,30,Male,Accounting,101195.00,Charity_Isak.R@consulting.com,NULL
30-2727394,Charleen,Jiras,55,Female,Accounting,108941.00,Charleen_Jira.H@consulting.com,NULL
71-3885995,Charlena,Friatt,30,Male,Accounting,84673.00,Charlena_Fria.H@consulting.com,NULL
11-6014369,Charline,Jedrzejewicz,42,Male,Accounting,83450.00,Charline_Jedr.R@consulting.com,NULL
47-0189816,Charline,Cardenas,26,Male,Accounting,133064.00,Charline_Card.H@consulting.com,NULL
57-8067541,Charline,Peotz,26,Female,Accounting,108397.00,Charline_Peot.R@consulting.com,NULL
26-0085102,Charlton,Nisby,31,Male,Accounting,171187.00,Charlton_Nisb.H@consulting.com,NULL
62-2955438,Charmian,Attersoll,38,Male,Accounting,83664.00,Charmian_Atte.H@consulting.com,NULL
13-2023299,Charmion,McCraw,44,Female,Accounting,144672.00,Charmion_McCr.R@consulting.com,"2021-06-18 14:02:20"
71-3362927,Chastity,Yeabsley,41,Female,Accounting,143883.00,Chastity_Yeab.R@consulting.com,NULL
15-4080298,Chauncey,Epilet,52,Female,Accounting,134517.00,Chauncey_Epil.R@consulting.com,NULL
61-9537651,Chauncey,Clerc,53,Female,Accounting,164182.00,Chauncey_Cler.H@consulting.com,NULL
10-7230862,Che,Hanratty,29,Male,Accounting,71634.00,Che_Hanr.H@consulting.com,NULL
32-4846362,Chelsae,Sothern,35,Female,Accounting,127158.00,Chelsae_Soth.H@consulting.com,NULL
22-5106043,Chelsey,Gogarty,33,Male,Accounting,135413.00,Chelsey_Goga.H@consulting.com,NULL
90-0570519,Chelsey,Dadds,32,Male,Accounting,124977.00,Chelsey_Dadd.H@consulting.com,"2020-12-05 19:43:55"
96-3675632,Chelsy,Schuricht,49,Male,Accounting,85108.00,Chelsy_Schu.R@consulting.com,NULL
27-1865540,Chen,Hiscoe,35,Male,Accounting,148926.00,Chen_Hisc.H@consulting.com,NULL
27-0948283,Cher,"St. John",53,Male,Accounting,133181.00,"Cher_St. .H@consulting.com",NULL
79-0909263,Cher,Karolovsky,56,Male,Accounting,76463.00,Cher_Karo.R@consulting.com,"2007-04-10 03:20:48"
06-7869044,Cherianne,Winkle,27,Female,Accounting,161545.00,Cherianne_Wink.R@consulting.com,NULL
75-9083528,Cherida,Sleite,53,Female,Accounting,130296.00,Cherida_Slei.H@consulting.com,NULL
43-8188764,Cherilyn,Kier,25,Female,Accounting,152362.00,Cherilyn_Kier.H@consulting.com,NULL
46-6588788,Cherilynn,Budgen,35,Female,Accounting,138994.00,Cherilynn_Budg.H@consulting.com,NULL
32-4934064,Cherlyn,Stelle,23,Female,Accounting,96982.00,Cherlyn_Stel.H@consulting.com,NULL
39-5704371,Chic,MacIver,24,Female,Accounting,132747.00,Chic_MacI.R@consulting.com,NULL
39-5839696,Chick,Attow,35,Female,Accounting,130024.00,Chick_Atto.H@consulting.com,NULL
31-2084653,Chickie,Sive,36,Female,Accounting,125740.00,Chickie_Sive.R@consulting.com,"2022-08-29 08:33:44"
51-3723950,Chico,Maskall,36,Male,Accounting,71749.00,Chico_Mask.R@consulting.com,NULL
51-3196434,Chip,Punshon,57,Female,Accounting,181194.00,Chip_Puns.H@consulting.com,NULL
59-1083804,Chiquita,Doncaster,22,Male,Accounting,79664.00,Chiquita_Donc.H@consulting.com,NULL
92-3327948,Chlo,Jansky,35,Female,Accounting,73394.00,Chlo_Jans.R@consulting.com,NULL
50-7362580,Chloette,Iverson,30,Male,Accounting,117364.00,Chloette_Iver.R@consulting.com,NULL
37-1238887,Chloris,Arlet,42,Female,Accounting,164150.00,Chloris_Arle.H@consulting.com,NULL
47-1567699,Chrisse,M'Quharge,43,Male,Accounting,67824.00,Chrisse_M'Qu.R@consulting.com,NULL
38-9598972,Chrissie,Ledes,22,Male,Accounting,130504.00,Chrissie_Lede.R@consulting.com,NULL
18-0658909,Christabella,Cosser,49,Male,Accounting,66018.00,Christabella_Coss.R@consulting.com,NULL
63-1521210,Christan,"Van Giffen",43,Male,Accounting,101582.00,"Christan_Van .R@consulting.com",NULL
24-2040887,Christen,Kelbie,24,Female,Accounting,164171.00,Christen_Kelb.R@consulting.com,"2011-06-17 16:45:27"
78-1340902,Christen,Scrooby,30,Female,Accounting,182320.00,Christen_Scro.R@consulting.com,NULL
22-3253268,Christiane,Sings,49,Female,Accounting,67321.00,Christiane_Sing.H@consulting.com,"2016-11-14 15:26:07"
09-3206435,Christina,Brunelli,47,Male,Accounting,183344.00,Christina_Brun.H@consulting.com,NULL
96-7004471,Christoph,Murison,52,Female,Accounting,174240.00,Christoph_Muri.R@consulting.com,NULL
96-5328738,Christophorus,Faughny,55,Male,Accounting,146872.00,Christophorus_Faug.R@consulting.com,NULL
65-5496575,Christos,Tomaskunas,54,Male,Accounting,155937.00,Christos_Toma.H@consulting.com,"2022-05-01 00:42:25"
98-6142544,Christos,Romaine,30,Male,Accounting,130248.00,Christos_Roma.H@consulting.com,NULL
86-6724791,Christy,Tallant,45,Female,Accounting,109171.00,Christy_Tall.R@consulting.com,NULL
98-3440448,Chrisy,Tumpane,35,Male,Accounting,135327.00,Chrisy_Tump.H@consulting.com,NULL
31-5597170,Chrotoem,Iacovaccio,26,Male,Accounting,97492.00,Chrotoem_Iaco.H@consulting.com,NULL
80-6511544,Chrysa,Dailey,26,Male,Accounting,170052.00,Chrysa_Dail.R@consulting.com,NULL
57-1951423,Chrystal,Bergeau,32,Female,Accounting,128267.00,Chrystal_Berg.R@consulting.com,NULL
87-0710715,Chryste,Artharg,49,Male,Accounting,131723.00,Chryste_Arth.H@consulting.com,NULL
17-0255915,Chrystel,Gottelier,52,Male,Accounting,131143.00,Chrystel_Gott.R@consulting.com,NULL
41-1809720,Chrystel,Edginton,44,Male,Accounting,111030.00,Chrystel_Edgi.R@consulting.com,NULL
98-4192115,Cicely,Nasi,37,Female,Accounting,132901.00,Cicely_Nasi.R@consulting.com,NULL
34-1717743,Cindee,Shaplin,30,Female,Accounting,92761.00,Cindee_Shap.H@consulting.com,NULL
73-8506743,Cindra,Soggee,23,Male,Accounting,95251.00,Cindra_Sogg.H@consulting.com,NULL
13-8939005,Cirillo,Lempenny,22,Male,Accounting,131103.00,Cirillo_Lemp.H@consulting.com,NULL
71-3390718,Ciro,Mourgue,37,Female,Accounting,84774.00,Ciro_Mour.H@consulting.com,NULL
95-6133316,Claiborn,Shailer,27,Male,Accounting,132035.00,Claiborn_Shai.H@consulting.com,NULL
80-7424179,Clara,Dowsey,23,Male,Accounting,102251.00,Clara_Dows.R@consulting.com,NULL
08-8185240,Clarabelle,Meredyth,47,Male,Accounting,118477.00,Clarabelle_Mere.R@consulting.com,NULL
36-4755668,Clare,Gerwood,31,Male,Accounting,87852.00,Clare_Gerw.H@consulting.com,NULL
47-0705142,Clare,Wardroper,35,Male,Accounting,95217.00,Clare_Ward.H@consulting.com,NULL
62-3472339,Clare,Barwell,40,Female,Accounting,78991.00,Clare_Barw.R@consulting.com,NULL
64-7193218,Claresta,Lightbourne,41,Male,Accounting,181524.00,Claresta_Ligh.H@consulting.com,NULL
05-8571540,Clarissa,Jemmett,30,Female,Accounting,141731.00,Clarissa_Jemm.H@consulting.com,NULL
11-1615396,Clarissa,Pilmore,55,Male,Accounting,101818.00,Clarissa_Pilm.H@consulting.com,NULL
17-1381462,Clarisse,Figure,46,Female,Accounting,111435.00,Clarisse_Figu.H@consulting.com,NULL
85-5795555,Clarita,Fidal,46,Female,Accounting,95080.00,Clarita_Fida.R@consulting.com,NULL
13-7682883,Clark,Backshell,36,Male,Accounting,146592.00,Clark_Back.H@consulting.com,NULL
64-9044880,Clark,Garnam,29,Male,Accounting,110611.00,Clark_Garn.H@consulting.com,NULL
99-9488254,Clary,McCheyne,39,Male,Accounting,104311.00,Clary_McCh.R@consulting.com,NULL
13-8182292,Claudell,Bellchamber,32,Male,Accounting,76182.00,Claudell_Bell.R@consulting.com,NULL
53-9882894,Claudette,Braywood,27,Female,Accounting,85426.00,Claudette_Bray.R@consulting.com,NULL
38-4607673,Claudian,Moffett,29,Female,Accounting,124767.00,Claudian_Moff.R@consulting.com,NULL
61-7724683,Claudian,Preto,31,Male,Accounting,172566.00,Claudian_Pret.R@consulting.com,NULL
03-1812727,Claudina,Brotheridge,44,Female,Accounting,173529.00,Claudina_Brot.H@consulting.com,NULL
17-6781789,Claudio,Gathercole,23,Female,Accounting,138040.00,Claudio_Gath.H@consulting.com,"2014-03-30 00:31:36"
31-9937609,Claudio,Skase,49,Female,Accounting,103033.00,Claudio_Skas.R@consulting.com,NULL
21-9704921,Claybourne,Bullimore,26,Male,Accounting,176017.00,Claybourne_Bull.R@consulting.com,NULL
29-7279889,Clayson,Maffia,24,Male,Accounting,71469.00,Clayson_Maff.H@consulting.com,NULL
91-7945689,Clayson,Esel,57,Female,Accounting,85724.00,Clayson_Esel.H@consulting.com,NULL
91-5355020,Clemence,Preece,53,Male,Accounting,80992.00,Clemence_Pree.H@consulting.com,NULL
05-2194477,Clemente,Elmore,51,Male,Accounting,121102.00,Clemente_Elmo.R@consulting.com,"2013-04-09 14:10:11"
71-2583952,Clementius,Schrader,52,Male,Accounting,86139.00,Clementius_Schr.R@consulting.com,NULL
40-7156622,Clemmie,Bell,40,Male,Accounting,164838.00,Clemmie_Bell.R@consulting.com,NULL
29-5359167,Cleo,Meriguet,23,Female,Accounting,146427.00,Cleo_Meri.H@consulting.com,NULL
21-8745918,Clerissa,Blees,30,Male,Accounting,140525.00,Clerissa_Blee.R@consulting.com,NULL
47-2363279,Cleveland,Toogood,47,Male,Accounting,107659.00,Cleveland_Toog.R@consulting.com,NULL
10-9330719,Clio,Iacovucci,57,Male,Accounting,107158.00,Clio_Iaco.H@consulting.com,NULL
62-1386880,Clive,Weddell,21,Male,Accounting,131006.00,Clive_Wedd.R@consulting.com,NULL
04-7312784,Clovis,Baggaley,36,Female,Accounting,92876.00,Clovis_Bagg.H@consulting.com,NULL
11-5593955,Cobbie,Towl,26,Male,Accounting,132707.00,Cobbie_Towl.R@consulting.com,NULL
50-5738755,Cobbie,Tallon,39,Male,Accounting,120893.00,Cobbie_Tall.H@consulting.com,NULL
62-9019149,Codi,Bonnor,46,Female,Accounting,150267.00,Codi_Bonn.R@consulting.com,"2007-01-30 03:01:59"
67-2501522,Codie,Badrick,47,Female,Accounting,109916.00,Codie_Badr.H@consulting.com,NULL
68-7234543,Codie,Spellesy,45,Female,Accounting,180487.00,Codie_Spel.R@consulting.com,NULL
90-0586367,Codie,Fawloe,52,Male,Accounting,152511.00,Codie_Fawl.H@consulting.com,NULL
50-4952812,Colan,Rouchy,24,Female,Accounting,176650.00,Colan_Rouc.H@consulting.com,NULL
12-0600694,Colas,Pragnall,46,Female,Accounting,111666.00,Colas_Prag.R@consulting.com,NULL
01-6495249,Colby,Tylor,42,Male,Accounting,160673.00,Colby_Tylo.H@consulting.com,NULL
50-6192161,Coleen,Lindstrom,32,Male,Accounting,148036.00,Coleen_Lind.R@consulting.com,NULL
02-5365306,Colet,Shinton,38,Female,Accounting,143875.00,Colet_Shin.R@consulting.com,"2010-04-13 14:07:04"
91-6746757,Coletta,Entissle,36,Female,Accounting,125128.00,Coletta_Enti.R@consulting.com,NULL
68-1435644,Collen,Biglin,33,Female,Accounting,176238.00,Collen_Bigl.H@consulting.com,NULL
50-7039988,Colline,Allicock,33,Male,Accounting,102138.00,Colline_Alli.H@consulting.com,NULL
13-9725683,Colly,Clint,57,Female,Accounting,107188.00,Colly_Clin.R@consulting.com,"2011-03-06 02:51:29"
58-4571338,Conn,Drakers,54,Female,Accounting,67752.00,Conn_Drak.R@consulting.com,NULL
78-6610331,Connie,Allon,37,Male,Accounting,79281.00,Connie_Allo.H@consulting.com,NULL
60-8886866,Conny,Agett,57,Female,Accounting,139107.00,Conny_Aget.H@consulting.com,NULL
21-3714651,Conrad,Tolemache,33,Female,Accounting,94733.00,Conrad_Tole.H@consulting.com,NULL
29-7874736,Conrado,Cabbell,58,Female,Accounting,77818.00,Conrado_Cabb.R@consulting.com,NULL
88-1045874,Conrado,Nordass,29,Male,Accounting,71375.00,Conrado_Nord.R@consulting.com,NULL
14-2277660,Consalve,Dillingham,45,Male,Accounting,164263.00,Consalve_Dill.H@consulting.com,NULL
86-2181587,Constancia,MacNeachtain,26,Male,Accounting,133990.00,Constancia_MacN.R@consulting.com,NULL
36-6536036,Constancy,Parzizek,39,Male,Accounting,143037.00,Constancy_Parz.R@consulting.com,NULL
78-2967992,Constantin,Cowdray,34,Female,Accounting,87942.00,Constantin_Cowd.R@consulting.com,NULL
53-7342262,Constantina,Pexton,21,Male,Accounting,158229.00,Constantina_Pext.H@consulting.com,NULL
08-6189278,Constantino,Prettyjohns,55,Male,Accounting,158051.00,Constantino_Pret.H@consulting.com,NULL
58-6261203,Constantino,Raubenheimer,48,Female,Accounting,130780.00,Constantino_Raub.R@consulting.com,"2010-08-06 00:57:47"
39-0262039,Cookie,Mundford,48,Male,Accounting,171512.00,Cookie_Mund.H@consulting.com,NULL
21-3035976,Cooper,Weafer,55,Male,Accounting,108961.00,Cooper_Weaf.H@consulting.com,NULL
98-0968757,Cora,Porte,34,Female,Accounting,151964.00,Cora_Port.R@consulting.com,NULL
15-2408026,Cordie,Ellick,47,Male,Accounting,135413.00,Cordie_Elli.H@consulting.com,"2016-03-27 10:10:41"
59-5064144,Cordula,Glassopp,33,Male,Accounting,108294.00,Cordula_Glas.R@consulting.com,NULL
53-8718018,Coreen,Babinski,44,Male,Accounting,108575.00,Coreen_Babi.R@consulting.com,NULL
37-4355482,Corenda,Crighton,32,Male,Accounting,123720.00,Corenda_Crig.R@consulting.com,NULL
99-8414028,Corenda,Teml,57,Male,Accounting,182847.00,Corenda_Teml.R@consulting.com,NULL
56-9170943,Coretta,Angell,35,Male,Accounting,169165.00,Coretta_Ange.R@consulting.com,NULL
88-4208292,Coretta,Greatrakes,55,Male,Accounting,81678.00,Coretta_Grea.R@consulting.com,"2021-04-17 03:05:33"
94-4086350,Coretta,Castellino,34,Female,Accounting,159677.00,Coretta_Cast.H@consulting.com,"2012-08-07 07:13:14"
44-4570818,Cori,Ortas,32,Male,Accounting,99732.00,Cori_Orta.R@consulting.com,NULL
50-7840316,Corinna,Snap,22,Female,Accounting,115642.00,Corinna_Snap.R@consulting.com,"2018-06-16 10:02:46"
48-2868635,Corinne,Ruggs,22,Female,Accounting,164874.00,Corinne_Rugg.R@consulting.com,NULL
27-0887518,Corissa,Scales,23,Female,Accounting,120934.00,Corissa_Scal.H@consulting.com,NULL
79-2225870,Cornela,Creech,22,Male,Accounting,116672.00,Cornela_Cree.R@consulting.com,NULL
36-5743672,Cornelius,Touson,24,Male,Accounting,178616.00,Cornelius_Tous.R@consulting.com,NULL
85-1314947,Cornell,Jikovsky,27,Female,Accounting,114611.00,Cornell_Jiko.R@consulting.com,NULL
91-6155588,Correna,Robertot,57,Male,Accounting,106927.00,Correna_Robe.R@consulting.com,NULL
96-4371988,Corrianne,Manterfield,43,Male,Accounting,182150.00,Corrianne_Mant.H@consulting.com,NULL
78-0207125,Corrie,Lindblad,22,Male,Accounting,118035.00,Corrie_Lind.R@consulting.com,NULL
70-6177304,Corrine,Drinkwater,39,Female,Accounting,82465.00,Corrine_Drin.H@consulting.com,NULL
97-8420653,Corrinne,Longden,49,Male,Accounting,155722.00,Corrinne_Long.R@consulting.com,NULL
29-8132961,Corry,Hawkslee,50,Male,Accounting,96267.00,Corry_Hawk.R@consulting.com,NULL
59-5304450,Costa,Collomosse,22,Female,Accounting,65546.00,Costa_Coll.R@consulting.com,NULL
42-9428451,Costanza,Corro,34,Female,Accounting,152128.00,Costanza_Corr.R@consulting.com,"2015-04-07 17:11:03"
44-9159081,Craig,Fielden,37,Male,Accounting,80475.00,Craig_Fiel.R@consulting.com,NULL
27-4926530,Cris,Wodeland,41,Male,Accounting,138640.00,Cris_Wode.R@consulting.com,"2014-02-23 13:24:14"
36-8797972,Crissy,Dict,23,Male,Accounting,92885.00,Crissy_Dict.H@consulting.com,NULL
98-6109272,Cristi,Silson,54,Male,Accounting,141953.00,Cristi_Sils.R@consulting.com,NULL
49-0350951,Cristin,Remer,39,Male,Accounting,109918.00,Cristin_Reme.R@consulting.com,NULL
30-5391309,Cross,Weatherburn,29,Male,Accounting,111900.00,Cross_Weat.R@consulting.com,NULL
36-1771785,Cross,Dealey,49,Male,Accounting,169658.00,Cross_Deal.H@consulting.com,NULL
07-0864122,Crysta,Dowda,35,Male,Accounting,137713.00,Crysta_Dowd.R@consulting.com,NULL
44-6791167,Crystal,Lamball,34,Male,Accounting,176603.00,Crystal_Lamb.R@consulting.com,NULL
96-9221404,Cull,McDirmid,57,Female,Accounting,145068.00,Cull_McDi.H@consulting.com,"2024-01-29 02:27:29"
67-1254614,Curcio,Gwyllt,23,Female,Accounting,138610.00,Curcio_Gwyl.H@consulting.com,"2021-01-02 01:17:00"
83-5117105,Currey,Bambrough,51,Male,Accounting,103146.00,Currey_Bamb.H@consulting.com,NULL
08-9057978,Cyndi,Lafaye,26,Female,Accounting,114518.00,Cyndi_Lafa.H@consulting.com,NULL
37-0327899,Cyndia,Sainsbury-Brown,37,Male,Accounting,105370.00,Cyndia_Sain.H@consulting.com,NULL
47-9560826,Cyndie,Brewerton,45,Male,Accounting,80090.00,Cyndie_Brew.R@consulting.com,NULL
45-9280346,Cyndy,Lillicrap,26,Female,Accounting,175625.00,Cyndy_Lill.R@consulting.com,NULL
99-7175167,Cynthie,Loxdale,48,Female,Accounting,112544.00,Cynthie_Loxd.H@consulting.com,NULL
47-5480943,Cynthy,Brunke,37,Female,Accounting,77524.00,Cynthy_Brun.R@consulting.com,NULL
66-3630063,Cyrille,Satterlee,27,Male,Accounting,90431.00,Cyrille_Satt.R@consulting.com,NULL
29-9928739,Cyrillus,Lammerich,23,Male,Accounting,116032.00,Cyrillus_Lamm.R@consulting.com,NULL
19-0608792,Dacia,Pogue,49,Female,Accounting,73822.00,Dacia_Pogu.R@consulting.com,NULL
07-7578902,Dacie,Ardern,43,Female,Accounting,125710.00,Dacie_Arde.H@consulting.com,NULL
95-9928879,Dacie,Edworthy,57,Male,Accounting,79373.00,Dacie_Edwo.R@consulting.com,NULL
25-7086410,Dael,Congreave,49,Female,Accounting,161627.00,Dael_Cong.H@consulting.com,NULL
34-2300994,Daffi,Holme,41,Female,Accounting,140485.00,Daffi_Holm.H@consulting.com,NULL
27-6322322,Daffie,Mongenot,31,Female,Accounting,169997.00,Daffie_Mong.H@consulting.com,NULL
18-5652863,Daisey,McMichan,53,Male,Accounting,95475.00,Daisey_McMi.R@consulting.com,NULL
56-3275855,Daisi,Semeradova,34,Male,Accounting,68272.00,Daisi_Seme.R@consulting.com,NULL
93-2360640,Daisi,Chidler,33,Male,Accounting,99188.00,Daisi_Chid.H@consulting.com,"2003-04-30 20:12:40"
00-9358294,Dale,Whitland,23,Male,Accounting,142805.00,Dale_Whit.H@consulting.com,NULL
85-3009594,Dalila,Eisikovitsh,40,Female,Accounting,114653.00,Dalila_Eisi.H@consulting.com,NULL
08-9091050,Dallis,Medland,43,Male,Accounting,85638.00,Dallis_Medl.R@consulting.com,NULL
92-8872485,Dallis,Sawdy,47,Female,Accounting,108028.00,Dallis_Sawd.R@consulting.com,NULL
79-5352053,Daloris,Copplestone,22,Male,Accounting,129069.00,Daloris_Copp.R@consulting.com,NULL
48-6445878,Dalt,Wardhough,38,Male,Accounting,67435.00,Dalt_Ward.R@consulting.com,NULL
32-4446846,Damara,Darley,46,Female,Accounting,160073.00,Damara_Darl.H@consulting.com,NULL
28-7550580,Damaris,Brainsby,38,Female,Accounting,69580.00,Damaris_Brai.H@consulting.com,"2010-10-06 14:29:49"
52-7540621,Damita,Daltrey,45,Male,Accounting,103040.00,Damita_Dalt.R@consulting.com,NULL
78-9002298,Dana,Gussin,51,Male,Accounting,102565.00,Dana_Guss.H@consulting.com,NULL
07-9192571,Dani,Moyles,38,Male,Accounting,184264.00,Dani_Moyl.H@consulting.com,NULL
36-0970872,Dani,Atherton,26,Male,Accounting,72277.00,Dani_Athe.H@consulting.com,NULL
95-0654107,Dania,Ipsly,22,Female,Accounting,97526.00,Dania_Ipsl.R@consulting.com,NULL
55-7609643,Danie,Farran,27,Male,Accounting,109023.00,Danie_Farr.H@consulting.com,NULL
84-2052985,Danila,Troubridge,37,Female,Accounting,118377.00,Danila_Trou.H@consulting.com,"2004-01-29 08:01:17"
80-3626438,Danita,Godspeede,37,Male,Accounting,114356.00,Danita_Gods.H@consulting.com,NULL
63-4620485,Danna,Maudsley,39,Female,Accounting,159199.00,Danna_Maud.R@consulting.com,NULL
52-5932904,Danni,"Mc Mechan",46,Male,Accounting,82599.00,"Danni_Mc M.R@consulting.com",NULL
00-5880378,Dannie,Thornton-Dewhirst,23,Female,Accounting,151416.00,Dannie_Thor.R@consulting.com,"2019-05-30 07:37:54"
45-3761859,Danny,Perrins,33,Male,Accounting,113057.00,Danny_Perr.H@consulting.com,"2020-08-08 11:46:11"
50-8060443,Danny,Robottom,30,Female,Accounting,171846.00,Danny_Robo.H@consulting.com,NULL
53-6073173,Danny,Mapes,39,Male,Accounting,122750.00,Danny_Mape.H@consulting.com,NULL
85-3730996,Danny,MacDonnell,39,Male,Accounting,145357.00,Danny_MacD.R@consulting.com,NULL
26-4984879,Dante,Dyhouse,56,Female,Accounting,182069.00,Dante_Dyho.R@consulting.com,NULL
90-6706402,Daphene,Klaaassen,47,Female,Accounting,152915.00,Daphene_Klaa.H@consulting.com,NULL
04-0645125,Daphne,"de Cullip",45,Male,Accounting,146897.00,"Daphne_de C.R@consulting.com",NULL
56-3920986,Dara,Pavic,37,Male,Accounting,80829.00,Dara_Pavi.R@consulting.com,NULL
60-1689134,Darb,Lauga,34,Male,Accounting,105716.00,Darb_Laug.R@consulting.com,NULL
40-3915045,Darcie,Slaten,28,Female,Accounting,177253.00,Darcie_Slat.R@consulting.com,NULL
50-0589954,Dareen,Banaszewski,58,Female,Accounting,129672.00,Dareen_Bana.H@consulting.com,NULL
12-2150305,Darelle,Dundon,35,Male,Accounting,135707.00,Darelle_Dund.H@consulting.com,NULL
32-7782400,Darelle,Poltone,53,Male,Accounting,127487.00,Darelle_Polt.R@consulting.com,NULL
20-4359856,Dari,Beardsworth,54,Female,Accounting,82729.00,Dari_Bear.R@consulting.com,NULL
90-6913185,Darin,Hinckes,42,Male,Accounting,118782.00,Darin_Hinc.H@consulting.com,NULL
00-4634919,Dario,Renshall,53,Female,Accounting,176947.00,Dario_Rens.H@consulting.com,NULL
39-5060961,Darla,L'argent,27,Male,Accounting,128364.00,Darla_L'ar.R@consulting.com,NULL
08-9923130,Daron,Hardiker,38,Female,Accounting,139362.00,Daron_Hard.H@consulting.com,NULL
47-6543180,Darrell,Scurrell,30,Male,Accounting,170695.00,Darrell_Scur.R@consulting.com,NULL
57-7529482,Darrell,Clerk,27,Female,Accounting,183815.00,Darrell_Cler.H@consulting.com,NULL
54-2873841,Darwin,Keitley,40,Male,Accounting,151110.00,Darwin_Keit.H@consulting.com,NULL
09-3436324,Dasha,Quilkin,56,Female,Accounting,118355.00,Dasha_Quil.H@consulting.com,NULL
74-7066274,Dasha,Frewer,56,Female,Accounting,177161.00,Dasha_Frew.H@consulting.com,NULL
57-0965148,Davidde,Firebrace,34,Male,Accounting,172294.00,Davidde_Fire.H@consulting.com,NULL
82-0614069,Davie,"Van Der Vlies",29,Male,Accounting,122121.00,"Davie_Van .R@consulting.com",NULL
37-4071883,Davin,Lemanu,23,Female,Accounting,146956.00,Davin_Lema.H@consulting.com,NULL
14-7746128,Davina,Pantone,57,Female,Accounting,113580.00,Davina_Pant.R@consulting.com,NULL
37-9450772,Ddene,Hallihan,25,Female,Accounting,87858.00,Ddene_Hall.H@consulting.com,NULL
33-7256568,Dean,Jouandet,31,Female,Accounting,106954.00,Dean_Joua.H@consulting.com,NULL
36-2624429,Dean,Banaszkiewicz,45,Male,Accounting,79005.00,Dean_Bana.H@consulting.com,NULL
48-4643109,Dean,Laffan,54,Male,Accounting,146662.00,Dean_Laff.H@consulting.com,NULL
12-6902564,Deane,Burdge,35,Female,Accounting,108674.00,Deane_Burd.R@consulting.com,NULL
32-0587918,Deane,Tenpenny,24,Male,Accounting,135355.00,Deane_Tenp.H@consulting.com,NULL
79-8480434,Deane,Minelli,36,Female,Accounting,91868.00,Deane_Mine.R@consulting.com,NULL
82-4661245,Deanne,Stockings,28,Male,Accounting,120427.00,Deanne_Stoc.R@consulting.com,NULL
40-1244180,Debby,Clibbery,37,Male,Accounting,109733.00,Debby_Clib.R@consulting.com,NULL
53-6945168,Debee,Shadfourth,31,Male,Accounting,73380.00,Debee_Shad.H@consulting.com,NULL
05-3723812,Debi,Fawckner,25,Female,Accounting,125546.00,Debi_Fawc.H@consulting.com,NULL
15-0923956,Debor,Barabisch,49,Male,Accounting,178621.00,Debor_Bara.H@consulting.com,"2022-12-14 23:09:14"
27-1799506,Debor,Berecloth,36,Female,Accounting,118808.00,Debor_Bere.H@consulting.com,NULL
84-6168667,Debor,Foukx,46,Female,Accounting,183099.00,Debor_Fouk.H@consulting.com,NULL
63-0973775,Debora,Paulson,32,Female,Accounting,172113.00,Debora_Paul.H@consulting.com,NULL
84-5939306,Dede,Bartkiewicz,41,Male,Accounting,134241.00,Dede_Bart.H@consulting.com,NULL
80-0488771,Dedie,Munton,42,Male,Accounting,126460.00,Dedie_Munt.R@consulting.com,NULL
45-4813933,Dela,Mantle,54,Female,Accounting,69333.00,Dela_Mant.H@consulting.com,NULL
29-8550872,Delainey,Prantoni,50,Male,Accounting,84482.00,Delainey_Pran.R@consulting.com,NULL
57-4185289,Delainey,Caisley,45,Male,Accounting,162188.00,Delainey_Cais.R@consulting.com,NULL
01-3159066,Delaney,Padell,51,Male,Accounting,161277.00,Delaney_Pade.H@consulting.com,NULL
45-6078040,Delcina,Taggart,53,Male,Accounting,102666.00,Delcina_Tagg.H@consulting.com,NULL
89-3796974,Delia,Filisov,24,Female,Accounting,91359.00,Delia_Fili.H@consulting.com,NULL
79-4427104,Delilah,Kennally,47,Male,Accounting,82259.00,Delilah_Kenn.H@consulting.com,NULL
11-8499841,Della,Mealing,58,Female,Accounting,152764.00,Della_Meal.R@consulting.com,NULL
57-7828240,Della,Dykas,49,Male,Accounting,119912.00,Della_Dyka.H@consulting.com,NULL
95-7137496,Delmar,Bullard,30,Male,Accounting,181067.00,Delmar_Bull.H@consulting.com,NULL
59-7819110,Delmor,MacArte,29,Male,Accounting,173550.00,Delmor_MacA.H@consulting.com,NULL
47-7008884,Delmore,Pien,36,Male,Accounting,140592.00,Delmore_Pien.H@consulting.com,"2021-10-20 11:50:48"
48-8357261,Delmore,Bearfoot,22,Female,Accounting,181408.00,Delmore_Bear.H@consulting.com,NULL
84-8952269,Delmore,Mesant,50,Male,Accounting,108814.00,Delmore_Mesa.R@consulting.com,NULL
72-4646736,Deloris,Looney,36,Female,Accounting,80140.00,Deloris_Loon.H@consulting.com,NULL
33-8874342,Delphinia,Lissenden,49,Female,Accounting,166670.00,Delphinia_Liss.H@consulting.com,"2012-07-11 10:56:47"
89-6583010,Demeter,Benesevich,49,Male,Accounting,123158.00,Demeter_Bene.R@consulting.com,NULL
84-4640543,Demetri,O'Donnell,43,Male,Accounting,109130.00,Demetri_O'Do.H@consulting.com,NULL
43-4542883,Demetria,Plewman,35,Male,Accounting,159125.00,Demetria_Plew.H@consulting.com,NULL
52-6961326,Demetrius,Elie,46,Male,Accounting,175036.00,Demetrius_Elie.H@consulting.com,NULL
21-9931294,Den,Guarin,52,Female,Accounting,104072.00,Den_Guar.R@consulting.com,NULL
90-1253525,Den,Gilling,25,Male,Accounting,140709.00,Den_Gill.R@consulting.com,NULL
01-1253052,Dena,Kob,38,Male,Accounting,141659.00,Dena_Kob.H@consulting.com,NULL
86-2840560,Dene,Beacom,39,Male,Accounting,168576.00,Dene_Beac.H@consulting.com,NULL
15-4645417,Denis,Butt,30,Female,Accounting,153222.00,Denis_Butt.H@consulting.com,NULL
60-3507722,Denni,Petrushkevich,50,Female,Accounting,124106.00,Denni_Petr.R@consulting.com,NULL
77-1534135,Dennie,Eytel,27,Male,Accounting,157342.00,Dennie_Eyte.H@consulting.com,NULL
98-2999013,Dennis,Fountian,26,Female,Accounting,89518.00,Dennis_Foun.H@consulting.com,NULL
73-8585905,Denny,Street,26,Female,Accounting,183238.00,Denny_Stre.H@consulting.com,NULL
04-1871859,Denys,Jozwicki,22,Female,Accounting,110185.00,Denys_Jozw.H@consulting.com,NULL
52-2858831,Der,Mowling,53,Female,Accounting,95412.00,Der_Mowl.R@consulting.com,NULL
36-5109822,Dermot,Fidgeon,56,Male,Accounting,69931.00,Dermot_Fidg.R@consulting.com,NULL
56-2614133,Derrek,"de Clerq",56,Female,Accounting,176600.00,"Derrek_de C.H@consulting.com",NULL
41-5893447,Derry,Laverack,56,Female,Accounting,122017.00,Derry_Lave.R@consulting.com,NULL
73-1913910,Derwin,Rzehor,26,Male,Accounting,78613.00,Derwin_Rzeh.H@consulting.com,"2020-07-29 21:37:40"
60-3348209,Desmund,Curtoys,29,Female,Accounting,76465.00,Desmund_Curt.H@consulting.com,NULL
60-9047953,Deva,Christophe,57,Female,Accounting,93043.00,Deva_Chri.R@consulting.com,NULL
19-5037258,Devin,Dukesbury,29,Male,Accounting,163132.00,Devin_Duke.H@consulting.com,NULL
83-2829664,Devina,Boulding,52,Male,Accounting,167323.00,Devina_Boul.H@consulting.com,NULL
93-8088108,Devina,Salzburg,26,Male,Accounting,161683.00,Devina_Salz.H@consulting.com,NULL
49-8439730,Devinne,Szymanzyk,23,Male,Accounting,121956.00,Devinne_Szym.H@consulting.com,NULL
51-1946986,Devinne,Kira,45,Male,Accounting,116026.00,Devinne_Kira.H@consulting.com,NULL
57-6407010,Devland,Quoit,55,Male,Accounting,97823.00,Devland_Quoi.H@consulting.com,"2021-08-30 18:01:39"
93-6140119,Dew,Saltern,40,Male,Accounting,113631.00,Dew_Salt.H@consulting.com,NULL
55-0312770,Dewitt,Pedycan,34,Female,Accounting,68515.00,Dewitt_Pedy.R@consulting.com,NULL
90-5164569,Diandra,Backler,55,Male,Accounting,132159.00,Diandra_Back.H@consulting.com,NULL
03-3757534,Diann,Northbridge,54,Female,Accounting,128097.00,Diann_Nort.R@consulting.com,NULL
22-0506971,Dick,Arends,47,Male,Accounting,171018.00,Dick_Aren.R@consulting.com,NULL
45-0211801,Diego,Stollsteiner,50,Female,Accounting,182353.00,Diego_Stol.R@consulting.com,NULL
02-7364203,Diena,Rump,43,Male,Accounting,162190.00,Diena_Rump.H@consulting.com,NULL
60-7810969,Dilan,"De Bruin",44,Female,Accounting,118222.00,"Dilan_De B.H@consulting.com",NULL
70-8629368,Dimitri,Golds,42,Female,Accounting,127482.00,Dimitri_Gold.R@consulting.com,NULL
03-6480837,Dion,Ballham,34,Female,Accounting,166059.00,Dion_Ball.H@consulting.com,NULL
12-5610817,Dionne,Renyard,41,Male,Accounting,87517.00,Dionne_Reny.H@consulting.com,NULL
92-5421198,Dmitri,Brawson,30,Male,Accounting,141271.00,Dmitri_Braw.H@consulting.com,NULL
55-6639420,Dodi,Burhill,46,Female,Accounting,84857.00,Dodi_Burh.H@consulting.com,NULL
98-1742941,Doll,O'Heyne,55,Female,Accounting,143534.00,Doll_O'He.R@consulting.com,NULL
44-8493146,Dolley,Clayton,26,Male,Accounting,118804.00,Dolley_Clay.H@consulting.com,NULL
86-1728943,Dolly,D'Antoni,46,Male,Accounting,96759.00,Dolly_D'An.H@consulting.com,NULL
52-7516291,Doloritas,Stockey,36,Male,Accounting,68204.00,Doloritas_Stoc.R@consulting.com,NULL
67-0041835,Domenic,Rubinowitsch,53,Female,Accounting,84936.00,Domenic_Rubi.R@consulting.com,NULL
96-8135185,Domeniga,Keitch,57,Male,Accounting,73693.00,Domeniga_Keit.H@consulting.com,NULL
58-3323053,Domingo,Davage,35,Female,Accounting,77092.00,Domingo_Dava.R@consulting.com,NULL
63-2181506,Dona,Marl,22,Male,Accounting,149028.00,Dona_Marl.H@consulting.com,NULL
84-9322709,Donia,Guiducci,35,Male,Accounting,68413.00,Donia_Guid.R@consulting.com,NULL
83-5227017,Donica,Reina,37,Male,Accounting,158632.00,Donica_Rein.H@consulting.com,NULL
36-1657724,Donni,Ilbert,55,Male,Accounting,111172.00,Donni_Ilbe.R@consulting.com,NULL
82-8254935,Donnie,MacCostye,45,Male,Accounting,88474.00,Donnie_MacC.R@consulting.com,"2014-05-16 04:34:57"
18-1128555,Donny,Joselovitch,42,Female,Accounting,132449.00,Donny_Jose.R@consulting.com,NULL
48-4032084,Donovan,McGrah,50,Male,Accounting,164919.00,Donovan_McGr.H@consulting.com,NULL
67-9015389,Donovan,Brunroth,24,Male,Accounting,175284.00,Donovan_Brun.H@consulting.com,NULL
33-5596939,Dora,Densie,45,Male,Accounting,119777.00,Dora_Dens.H@consulting.com,NULL
29-4400013,Doralynne,Gianolo,42,Male,Accounting,82038.00,Doralynne_Gian.R@consulting.com,NULL
47-5576784,Doreen,Baddam,30,Female,Accounting,151915.00,Doreen_Badd.R@consulting.com,NULL
09-4471277,Dorelia,McDonand,47,Female,Accounting,147836.00,Dorelia_McDo.H@consulting.com,"2007-11-15 07:11:56"
74-0995960,Dorelle,Nary,38,Male,Accounting,95376.00,Dorelle_Nary.H@consulting.com,NULL
65-4834352,Dorey,Carrell,41,Female,Accounting,66852.00,Dorey_Carr.H@consulting.com,"2010-11-16 15:42:29"
38-9100852,Dorine,Patinkin,23,Female,Accounting,99693.00,Dorine_Pati.R@consulting.com,NULL
53-9274517,Doris,Georges,38,Female,Accounting,97152.00,Doris_Geor.H@consulting.com,NULL
17-3058942,Dorisa,McDuall,54,Male,Accounting,143479.00,Dorisa_McDu.H@consulting.com,NULL
43-8724059,Dorree,McIndoe,39,Male,Accounting,69117.00,Dorree_McIn.R@consulting.com,NULL
30-6345433,Dorrie,Camel,40,Male,Accounting,133017.00,Dorrie_Came.R@consulting.com,NULL
04-0609290,Dorthea,Careswell,48,Female,Accounting,149424.00,Dorthea_Care.R@consulting.com,NULL
25-1374184,Dory,Heimann,38,Male,Accounting,78084.00,Dory_Heim.H@consulting.com,NULL
96-9972356,Dory,Bogges,34,Male,Accounting,122972.00,Dory_Bogg.R@consulting.com,NULL
83-7733156,Dosi,Graundisson,53,Male,Accounting,176791.00,Dosi_Grau.H@consulting.com,NULL
96-4985967,Dosi,Jansie,39,Female,Accounting,137907.00,Dosi_Jans.R@consulting.com,NULL
43-9584305,Dottie,McLardie,49,Male,Accounting,66036.00,Dottie_McLa.H@consulting.com,"2017-09-11 08:16:43"
24-8598075,Doug,Alliband,26,Female,Accounting,126579.00,Doug_Alli.R@consulting.com,NULL
17-1010288,Dougie,Checci,48,Male,Accounting,132934.00,Dougie_Chec.R@consulting.com,NULL
45-6442663,Douglas,Sonnenschein,55,Female,Accounting,152318.00,Douglas_Sonn.R@consulting.com,"2016-10-29 13:35:11"
40-6506725,Douglass,Coucher,26,Male,Accounting,161071.00,Douglass_Couc.H@consulting.com,NULL
03-2512094,Dougy,Jankovsky,44,Male,Accounting,168884.00,Dougy_Jank.R@consulting.com,NULL
51-6672162,Doy,Grint,34,Female,Accounting,90092.00,Doy_Grin.R@consulting.com,NULL
89-0418321,Drucie,Pinnegar,31,Male,Accounting,153777.00,Drucie_Pinn.H@consulting.com,NULL
67-4302193,Drud,Jedrychowski,22,Male,Accounting,165813.00,Drud_Jedr.R@consulting.com,NULL
29-5523402,Drusie,Ricks,40,Male,Accounting,116458.00,Drusie_Rick.R@consulting.com,NULL
53-6502165,Dud,Tremoulet,46,Female,Accounting,86373.00,Dud_Trem.R@consulting.com,NULL
95-8070758,Dud,Dearn,28,Male,Accounting,104228.00,Dud_Dear.H@consulting.com,NULL
15-1308488,Dudley,Ambrosch,43,Male,Accounting,82639.00,Dudley_Ambr.H@consulting.com,"2020-04-26 04:02:07"
81-3676206,Dugald,Schleicher,52,Female,Accounting,102177.00,Dugald_Schl.H@consulting.com,"2023-12-27 19:17:25"
33-3934842,Dulcea,Mainston,41,Female,Accounting,153171.00,Dulcea_Main.H@consulting.com,NULL
79-9150364,Dulcine,Grevel,37,Female,Accounting,95610.00,Dulcine_Grev.H@consulting.com,NULL
18-5964459,Dulcy,Kingswold,35,Male,Accounting,139010.00,Dulcy_King.H@consulting.com,NULL
77-2110988,Dulcy,MacKeague,27,Male,Accounting,70298.00,Dulcy_MacK.R@consulting.com,NULL
22-7272012,Duncan,Hailston,49,Male,Accounting,77579.00,Duncan_Hail.H@consulting.com,NULL
17-4380094,Dur,Benoi,32,Male,Accounting,74716.00,Dur_Beno.R@consulting.com,NULL
27-0506300,Dur,McIlheran,48,Male,Accounting,112289.00,Dur_McIl.H@consulting.com,NULL
43-8423386,Dur,Pegrum,29,Male,Accounting,152999.00,Dur_Pegr.R@consulting.com,NULL
26-4901863,Durand,McClaren,35,Female,Accounting,137934.00,Durand_McCl.H@consulting.com,NULL
19-4238272,Durant,Asson,25,Female,Accounting,114352.00,Durant_Asso.H@consulting.com,NULL
28-5347254,Dwight,Stag,30,Male,Accounting,181193.00,Dwight_Stag.H@consulting.com,NULL
25-1276047,Dyanne,Damrell,41,Female,Accounting,94084.00,Dyanne_Damr.R@consulting.com,NULL
41-9901373,Dynah,Notti,57,Male,Accounting,96838.00,Dynah_Nott.H@consulting.com,NULL
14-8133776,Earlie,Dingsdale,30,Male,Accounting,149456.00,Earlie_Ding.H@consulting.com,"2022-08-01 02:55:38"
87-9948948,Eartha,Spencers,35,Male,Accounting,163552.00,Eartha_Spen.R@consulting.com,NULL
51-8991520,Earvin,Cleobury,43,Female,Accounting,91225.00,Earvin_Cleo.R@consulting.com,NULL
20-3422866,Eb,Butchers,52,Male,Accounting,77591.00,Eb_Butc.H@consulting.com,NULL
69-7830353,Eba,Haughton,21,Female,Accounting,71665.00,Eba_Haug.H@consulting.com,NULL
79-5856743,Ebenezer,Grzelak,34,Male,Accounting,162275.00,Ebenezer_Grze.R@consulting.com,NULL
41-8974718,Ed,Cranfield,31,Male,Accounting,154038.00,Ed_Cran.H@consulting.com,NULL
51-6714888,Eddi,Haizelden,50,Male,Accounting,92769.00,Eddi_Haiz.H@consulting.com,NULL
91-7253383,Edgardo,Scammonden,24,Female,Accounting,108596.00,Edgardo_Scam.R@consulting.com,NULL
95-0843455,Edie,Minchenton,30,Female,Accounting,175298.00,Edie_Minc.H@consulting.com,NULL
50-1725518,Ediva,Osgordby,25,Female,Accounting,173722.00,Ediva_Osgo.R@consulting.com,NULL
52-3136335,Ediva,Spillard,26,Female,Accounting,123344.00,Ediva_Spil.H@consulting.com,NULL
50-4176462,Edmon,Purtell,53,Female,Accounting,74194.00,Edmon_Purt.H@consulting.com,NULL
55-1994644,Edmon,Frontczak,42,Male,Accounting,74175.00,Edmon_Fron.H@consulting.com,NULL
88-4971581,Edna,Pinnigar,43,Male,Accounting,117084.00,Edna_Pinn.H@consulting.com,NULL
66-3238510,Edwin,Esch,57,Female,Accounting,176087.00,Edwin_Esch.H@consulting.com,NULL
67-9191721,Efrem,Carless,37,Male,Accounting,181975.00,Efrem_Carl.R@consulting.com,NULL
24-6767979,Egan,Kroin,37,Female,Accounting,181056.00,Egan_Kroi.H@consulting.com,NULL
72-1848000,Egon,Parlott,36,Male,Accounting,178838.00,Egon_Parl.R@consulting.com,NULL
41-7636376,Egor,Adamini,33,Female,Accounting,66918.00,Egor_Adam.R@consulting.com,"2019-08-28 12:46:07"
88-0650881,Eileen,Leyburn,49,Female,Accounting,119217.00,Eileen_Leyb.R@consulting.com,NULL
01-7876988,Eilis,Cinderey,43,Male,Accounting,149710.00,Eilis_Cind.H@consulting.com,NULL
49-5092017,Ekaterina,Langston,38,Female,Accounting,82970.00,Ekaterina_Lang.H@consulting.com,NULL
20-6249894,Elana,Galey,53,Female,Accounting,182369.00,Elana_Gale.R@consulting.com,NULL
12-8782837,Elane,Pheasey,53,Female,Accounting,160624.00,Elane_Phea.H@consulting.com,NULL
28-5316047,Elberta,Fawdrey,48,Male,Accounting,104593.00,Elberta_Fawd.H@consulting.com,NULL
91-9624450,Elbertina,Pharro,52,Male,Accounting,138822.00,Elbertina_Phar.R@consulting.com,NULL
08-4405420,Eldredge,Dean,39,Male,Accounting,147512.00,Eldredge_Dean.H@consulting.com,NULL
60-2718220,Eldridge,Leyburn,44,Female,Accounting,101580.00,Eldridge_Leyb.R@consulting.com,NULL
39-6269121,Eleonora,Tomczykowski,36,Male,Accounting,83083.00,Eleonora_Tomc.H@consulting.com,NULL
70-3384864,Eleonora,Laycock,37,Female,Accounting,123058.00,Eleonora_Layc.R@consulting.com,NULL
74-3824987,Eleonore,Edmonstone,48,Female,Accounting,140199.00,Eleonore_Edmo.R@consulting.com,NULL
77-8274253,Elfie,Letchmore,22,Male,Accounting,100414.00,Elfie_Letc.H@consulting.com,NULL
69-7989531,Elfrieda,Rowles,37,Female,Accounting,133664.00,Elfrieda_Rowl.H@consulting.com,NULL
04-3481867,Elga,Clough,30,Female,Accounting,67861.00,Elga_Clou.H@consulting.com,NULL
17-8675249,Eli,Beadell,45,Female,Accounting,126110.00,Eli_Bead.R@consulting.com,NULL
48-7981031,Elia,Estoile,23,Female,Accounting,103588.00,Elia_Esto.R@consulting.com,NULL
42-4601774,Elianora,Denyer,30,Male,Accounting,107713.00,Elianora_Deny.H@consulting.com,NULL
57-6279120,Elias,Ghidoli,31,Male,Accounting,127792.00,Elias_Ghid.H@consulting.com,NULL
77-7206380,Elias,Climance,35,Male,Accounting,93848.00,Elias_Clim.H@consulting.com,NULL
05-6544452,Elihu,Sheron,54,Female,Accounting,103459.00,Elihu_Sher.H@consulting.com,NULL
41-2467726,Elijah,"O' Clovan",27,Male,Accounting,97482.00,"Elijah_O' C.H@consulting.com",NULL
71-8043654,Elijah,Aymer,47,Male,Accounting,150373.00,Elijah_Ayme.R@consulting.com,"2023-05-06 13:55:10"
04-2949941,Elisha,D'Onisi,23,Male,Accounting,137641.00,Elisha_D'On.H@consulting.com,NULL
02-1226234,Elka,Casari,22,Male,Accounting,109633.00,Elka_Casa.H@consulting.com,NULL
35-1711431,Ellen,Barajaz,44,Female,Accounting,106402.00,Ellen_Bara.R@consulting.com,"2018-04-28 08:25:45"
19-9408199,Elli,Pesticcio,51,Male,Accounting,180772.00,Elli_Pest.R@consulting.com,"2013-04-11 08:33:39"
58-6912119,Ellie,Jimeno,38,Male,Accounting,77637.00,Ellie_Jime.H@consulting.com,NULL
06-0433508,Ellissa,Overal,29,Female,Accounting,68913.00,Ellissa_Over.R@consulting.com,NULL
32-3367883,Ellsworth,Khomich,24,Female,Accounting,160704.00,Ellsworth_Khom.R@consulting.com,NULL
03-7949684,Elly,Cafe,24,Male,Accounting,161431.00,Elly_Cafe.H@consulting.com,NULL
80-0208769,Elna,Ducker,41,Male,Accounting,163779.00,Elna_Duck.H@consulting.com,NULL
49-1780312,Elnore,Starsmore,48,Female,Accounting,112057.00,Elnore_Star.R@consulting.com,NULL
38-1211182,Elonore,O'Heyne,47,Male,Accounting,180909.00,Elonore_O'He.H@consulting.com,NULL
37-0765444,Elora,Dewan,29,Female,Accounting,89907.00,Elora_Dewa.H@consulting.com,NULL
18-5084147,Elsbeth,Florez,49,Female,Accounting,183279.00,Elsbeth_Flor.R@consulting.com,NULL
25-6356640,Elsi,Dawltrey,36,Female,Accounting,141149.00,Elsi_Dawl.R@consulting.com,NULL
89-2392577,Elton,Polye,49,Female,Accounting,147368.00,Elton_Poly.R@consulting.com,NULL
21-7810549,Elwin,Woof,46,Male,Accounting,178895.00,Elwin_Woof.R@consulting.com,NULL
54-8271108,Elysha,McGrady,32,Male,Accounting,177978.00,Elysha_McGr.H@consulting.com,NULL
59-0952887,Ema,Doulden,25,Female,Accounting,98622.00,Ema_Doul.H@consulting.com,NULL
73-7335380,Ema,Lindores,57,Male,Accounting,169599.00,Ema_Lind.H@consulting.com,NULL
49-8062024,Emalee,Kinnock,46,Female,Accounting,84371.00,Emalee_Kinn.R@consulting.com,"2018-01-29 03:07:33"
58-2234613,Emelen,Hartles,25,Male,Accounting,143393.00,Emelen_Hart.H@consulting.com,NULL
07-2831692,Emelita,Gadie,46,Female,Accounting,156659.00,Emelita_Gadi.H@consulting.com,NULL
25-3240253,Emelita,Birdfield,27,Male,Accounting,160268.00,Emelita_Bird.R@consulting.com,NULL
03-6584728,Emery,Fields,27,Female,Accounting,89977.00,Emery_Fiel.H@consulting.com,NULL
73-4479204,Emery,Boyford,32,Female,Accounting,131924.00,Emery_Boyf.H@consulting.com,NULL
11-1503264,Emiline,Potes,43,Male,Accounting,175435.00,Emiline_Pote.R@consulting.com,NULL
46-8627711,Emilio,Smurfit,41,Female,Accounting,78454.00,Emilio_Smur.R@consulting.com,NULL
79-3599129,Emilio,Cicetti,47,Male,Accounting,123442.00,Emilio_Cice.H@consulting.com,NULL
67-2288266,Emlyn,Hunnisett,56,Female,Accounting,155351.00,Emlyn_Hunn.H@consulting.com,"2014-12-20 17:24:50"
26-0876338,Emma,Stopforth,30,Female,Accounting,175115.00,Emma_Stop.R@consulting.com,"2019-02-18 14:33:29"
98-1811733,Emma,Glison,41,Female,Accounting,171902.00,Emma_Glis.H@consulting.com,NULL
51-2891548,Emmery,Sandal,46,Female,Accounting,154724.00,Emmery_Sand.R@consulting.com,NULL
93-9884601,Emmett,Yerlett,54,Female,Accounting,81005.00,Emmett_Yerl.H@consulting.com,NULL
46-5208649,Emmey,Callen,28,Female,Accounting,95987.00,Emmey_Call.R@consulting.com,NULL
72-6324327,Emmey,Oret,41,Female,Accounting,168982.00,Emmey_Oret.R@consulting.com,NULL
04-7219997,Emmie,Ambrogetti,54,Male,Accounting,120564.00,Emmie_Ambr.H@consulting.com,NULL
03-3065184,Emmott,Cargenven,27,Female,Accounting,101451.00,Emmott_Carg.R@consulting.com,"2016-11-02 05:52:40"
92-5076627,Emory,LeEstut,27,Male,Accounting,70451.00,Emory_LeEs.R@consulting.com,NULL
43-1891997,Engelbert,Corrin,50,Male,Accounting,135606.00,Engelbert_Corr.R@consulting.com,NULL
76-6535679,Enid,Housley,29,Female,Accounting,148107.00,Enid_Hous.R@consulting.com,NULL
95-8061597,Enid,Ludye,37,Female,Accounting,108079.00,Enid_Ludy.H@consulting.com,NULL
36-4694115,Ennis,Semiras,38,Female,Accounting,159892.00,Ennis_Semi.R@consulting.com,NULL
02-2053862,Enriqueta,Preshous,30,Female,Accounting,122331.00,Enriqueta_Pres.R@consulting.com,NULL
12-0163589,Eolande,Gimbrett,30,Female,Accounting,118893.00,Eolande_Gimb.H@consulting.com,NULL
20-2300629,Eran,Vynoll,51,Female,Accounting,107070.00,Eran_Vyno.H@consulting.com,NULL
88-3047517,Erek,Codner,37,Male,Accounting,133912.00,Erek_Codn.R@consulting.com,NULL
58-1504956,Erena,Zincke,30,Female,Accounting,108520.00,Erena_Zinc.R@consulting.com,NULL
88-3235780,Erena,Goncaves,22,Male,Accounting,68579.00,Erena_Gonc.H@consulting.com,NULL
